timestamp	original	statuscode	mimetype
20180805220559	http://cameroondeskacademy.com:80/	200	text/html
20180807180540	http://cameroondeskacademy.com:80/2018/08/	200	text/html
20230727004518	https://cameroondeskacademy.com/?fp=eWWtewEc3dM6sAg%2BaAssIrDX6E%2F0yyjV5EdCr%2BkyP1FXh4JYeCd8vwrJjo%2FqrYQW37UhybjXels2tci5rC6VsH4QWBJu9rcIJpf%2BhrVBa3wpWTdih42qAh%2FjNoGlghc5N2jBswM296%2BWEuMnr7JV4wFEN7PvTk9V%2BBeBqjP5GKRdhNjlTyz2kw13geNoGi5tmOh%2BGEqvKPVyDTZHVbGrBT284KtZS6U1re1NkXeit2dPiDX83zluVVgAjkNYqdhk%2FYKN8nWFcSuy0fC2e%2FNfdkJ27K35H2iRIyDuHwUI4fI%3D&prvtof=OeYZHuchjccSYpoTRVc2ImQYGB08B6OkrWI%2BsUTmeotUqLxekvqd%2BDlNdAVbUPiGwNXhN0769yaOmW0jVvBnhpWN3fSnhX9IA4hK0qoUkoo%3D&poru=OeYZHuchjccSYpoTRVc2ImQYGB08B6OkrWI%2BsUTmeovlwT93twfaBAfzxwA66mhMREqvd9UWnhEldoqAFJOUGw3tjazlzyuGVTNQniYI7Ipzp7tLxqacAk3fpRfY76M71am8xZDtNcaqU4%2BlrABulQ%3D%3D&_opnslfp=1	200	text/html
20181007084927	http://cameroondeskacademy.com:80/?wc-ajax=%%Endpoint%%	200	text/html
20180808102911	http://cameroondeskacademy.com:80/a-propos/	200	text/html
20181007084930	http://cameroondeskacademy.com:80/about-us/	200	text/html
20181007142856	http://cameroondeskacademy.com:80/account/	200	text/html
20181007143032	http://cameroondeskacademy.com:80/account/?action=lostpassword	200	text/html
20181107132325	http://cameroondeskacademy.com:80/account/?redirect_to=http://cameroondeskacademy.com/?enroll-course=8175	200	text/html
20181128140554	http://cameroondeskacademy.com:80/account/?redirect_to=http://cameroondeskacademy.com/about-us/?enroll-course=2901	200	text/html
20181108134036	http://cameroondeskacademy.com:80/account/?redirect_to=http://cameroondeskacademy.com/course/learnpress-101/?enroll-course=7238	200	text/html
20181102054118	http://cameroondeskacademy.com:80/account/?redirect_to=http://cameroondeskacademy.com/faqs/?enroll-course=8177	200	text/html
20181203003434	http://cameroondeskacademy.com:80/account/?redirect_to=http://cameroondeskacademy.com/gallery/?enroll-course=4526	200	text/html
20180828081320	http://cameroondeskacademy.com:80/activity/	200	text/html
20250917174920	https://cameroondeskacademy.com/ads.txt	200	text/plain
20240105082416	https://cameroondeskacademy.com/anciennes-epreuves-concours-polytechnique-douala/	200	text/html
20240105082339	https://cameroondeskacademy.com/anciennes-epreuves-concours-polytechnique-yaounde/	200	text/html
20240628143045	https://cameroondeskacademy.com/anciennes-epreuves-et-corriges-du-concours-aides-soignantes-et-atms-cameroun/	200	text/html
20260118094937	https://cameroondeskacademy.com/app-ads.txt	200	text/plain
20180807180541	http://cameroondeskacademy.com:80/auctor-dolor-nulla-facilisis-penatibus/	200	text/html
20241123053401	https://cameroondeskacademy.com/author-sitemap.xml	200	text/xml
20181007084936	http://cameroondeskacademy.com:80/become-a-teacher/	200	text/html
20180805230139	http://cameroondeskacademy.com:80/bibliotheque/	200	text/html
20180807180547	http://cameroondeskacademy.com:80/blandit-ante-id-maecenas-dictum/	200	text/html
20180807180551	http://cameroondeskacademy.com:80/blog/	200	text/html
20181007084940	http://cameroondeskacademy.com:80/blog-2/	200	text/html
20241123052038	https://cameroondeskacademy.com/bord-de-prepa-concours-ide-tms-sage-femmes-pdf/	200	text/html
20181007143037	http://cameroondeskacademy.com:80/cart/	200	text/html
20240628154239	https://cameroondeskacademy.com/category-sitemap.xml	200	text/xml
20240105062236	https://cameroondeskacademy.com/category/epreuves-concours/	200	text/html
20240319135445	https://cameroondeskacademy.com/category/epreuves-concours/page/2/	200	text/html
20180807180556	http://cameroondeskacademy.com:80/category/uncategorized/	200	text/html
20180807180601	http://cameroondeskacademy.com:80/comments/feed/	200	application/rss+xml
20180807180607	http://cameroondeskacademy.com:80/connexion/	200	text/html
20181007084945	http://cameroondeskacademy.com:80/contact/	200	text/html
20180808102951	http://cameroondeskacademy.com:80/contacts/	200	text/html
20180805230028	http://cameroondeskacademy.com:80/cours/	200	text/html
20181007084950	http://cameroondeskacademy.com:80/course-category/backend/	200	text/html
20231231055823	https://cameroondeskacademy.com/course-category/blog/	200	text/html
20181007143048	http://cameroondeskacademy.com:80/course-category/css/	200	text/html
20181007142923	http://cameroondeskacademy.com:80/course-category/frontend/	200	text/html
20181007143053	http://cameroondeskacademy.com:80/course-category/general/	200	text/html
20181007143058	http://cameroondeskacademy.com:80/course-category/it-software/	200	text/html
20181007142927	http://cameroondeskacademy.com:80/course-category/photography/	200	text/html
20181007143103	http://cameroondeskacademy.com:80/course-category/programming-language/	200	text/html
20181007143109	http://cameroondeskacademy.com:80/course-category/technology/	200	text/html
20181004111825	http://cameroondeskacademy.com:80/course/become-a-php-master-and-make-money-fast/	200	text/html
20181107111318	http://cameroondeskacademy.com:80/course/complete-beginner-to-javascript-developer/	200	text/html
20181107111416	http://cameroondeskacademy.com:80/course/getting-started-with-less-beginner-crash/	200	text/html
20181007085006	http://cameroondeskacademy.com:80/course/html5css3-essentials-in-4-hours/	200	text/html
20181007143118	http://cameroondeskacademy.com:80/course/improve-your-css-workflow-with-sass/	200	text/html
20181007085011	http://cameroondeskacademy.com:80/course/introduction-to-networking-for-beginners/	200	text/html
20181007142935	http://cameroondeskacademy.com:80/course/learn-and-understand-angularjs/	200	text/html
20181007085016	http://cameroondeskacademy.com:80/course/learning-jquery-mobile-for-beginners/	200	text/html
20181007070303	http://cameroondeskacademy.com:80/course/learnpress-101/	200	text/html
20181108134147	http://cameroondeskacademy.com:80/course/learnpress-101/lecons/add-and-manage-users/	200	text/html
20181108134029	http://cameroondeskacademy.com:80/course/learnpress-101/lecons/adding-columns-at-breakpoints/	200	text/html
20181108134136	http://cameroondeskacademy.com:80/course/learnpress-101/lecons/content-better-media-queries-in-sass/	200	text/html
20181108134152	http://cameroondeskacademy.com:80/course/learnpress-101/lecons/import-and-parent-reference/	200	text/html
20181007143123	http://cameroondeskacademy.com:80/course/node/	200	text/html
20181007143129	http://cameroondeskacademy.com:80/course/python/	200	text/html
20181007085020	http://cameroondeskacademy.com:80/course/the-art-of-black-and-white-photography/	200	text/html
20181007143133	http://cameroondeskacademy.com:80/course/your-complete-guide-to-photography/	200	text/html
20241123042048	https://cameroondeskacademy.com/course_category-sitemap.xml	200	text/xml
20240628154241	https://cameroondeskacademy.com/course_tag-sitemap.xml	200	text/xml
20181007071903	http://cameroondeskacademy.com:80/courses/	200	text/html
20210725135939	https://cameroondeskacademy.com/courses/15-jours-pour-maitriser-excel-de-a-a-z/	200	text/html
20230204132239	https://cameroondeskacademy.com/courses/analyse-de-donnees-sur-r/	200	text/html
20230204145632	https://cameroondeskacademy.com/courses/analyse-de-donnees-sur-r/lecons/installation-de-r-studio/	200	text/html
20230129014556	https://cameroondeskacademy.com/courses/analyse-de-donnees-sur-r/lecons/jeu-de-donnees-dexemple/	200	text/html
20250917150137	https://cameroondeskacademy.com/courses/economie-et-gestion-de-lenvironnement-et-des-ressources-naturelles/	200	text/html
20240105154455	https://cameroondeskacademy.com/courses/formation-blogger/	200	text/html
20240105160748	https://cameroondeskacademy.com/courses/reussir-sa-recherche-demploi-techniques-et-astuces-de-candidature/	200	text/html
20181007142938	http://cameroondeskacademy.com:80/demo-accounts/	200	text/html
20180807180612	http://cameroondeskacademy.com:80/dictum-tortor-auctor-elit-lobortis/	200	text/html
20181107123938	http://cameroondeskacademy.com:80/educationwp/	200	text/html
20181107132330	http://cameroondeskacademy.com:80/events/	200	text/html
20181107132252	http://cameroondeskacademy.com:80/events/build-education-website-using-wordpress/	200	text/html
20181107132257	http://cameroondeskacademy.com:80/events/good-intentions-or-good-results/	200	text/html
20181007085026	http://cameroondeskacademy.com:80/faqs/	200	text/html
20230202013050	https://cameroondeskacademy.com/favicon.ico	200	image/x-icon
20180808102755	http://cameroondeskacademy.com:80/feed/	200	application/rss+xml
20181107123942	http://cameroondeskacademy.com:80/forensic-team-earns-several/	200	text/html
20181007085031	http://cameroondeskacademy.com:80/gallery/	200	text/html
20180807180617	http://cameroondeskacademy.com:80/inscription/	200	text/html
20240105075609	https://cameroondeskacademy.com/inscription-loterie-americaine-programme-de-visa-de-diversite-2025/	200	text/html
20181204010403	http://cameroondeskacademy.com:80/introducing-dr-deniz-zeynep-2/	200	text/html
20180808102739	http://cameroondeskacademy.com:80/lacus-vulputate-sollicitudin-ut-eget/	200	text/html
20181107124005	http://cameroondeskacademy.com:80/learning/	200	text/html
20230718072356	https://cameroondeskacademy.com/liste-des-concours-lances-au-cameroun-en-2023/	200	text/html
20181202203852	http://cameroondeskacademy.com:80/lms-wordpress-plugin/	200	text/html
20241123043312	https://cameroondeskacademy.com/lp_course-sitemap.xml	200	text/xml
20240628154240	https://cameroondeskacademy.com/lp_lesson-sitemap.xml	200	text/xml
20240628154227	https://cameroondeskacademy.com/lp_question-sitemap.xml	200	text/xml
20240628154226	https://cameroondeskacademy.com/lp_quiz-sitemap.xml	200	text/xml
20180828081342	http://cameroondeskacademy.com:80/members/	200	text/html
20240105075654	https://cameroondeskacademy.com/modele-de-cv-et-lm-pour-le-recrutement-des-aides-infirmiers-au-quebec-canada/	200	text/html
20240105075655	https://cameroondeskacademy.com/modele-de-cv-et-lm-pour-le-recrutement-des-ouvriers-de-production-au-quebec-canada/	200	text/html
20181203000618	http://cameroondeskacademy.com:80/our-books/	200	text/html
20240628154239	https://cameroondeskacademy.com/our_team-sitemap.xml	200	text/xml
20240628154223	https://cameroondeskacademy.com/our_team_category-sitemap.xml	200	text/xml
20241123042747	https://cameroondeskacademy.com/page-sitemap.xml	200	text/xml
20181007142948	http://cameroondeskacademy.com:80/portfolio-masonry/	200	text/html
20240628154229	https://cameroondeskacademy.com/post-sitemap.xml	200	text/xml
20181204010406	http://cameroondeskacademy.com:80/presentation-2015/	200	text/html
20241123050453	https://cameroondeskacademy.com/product-sitemap.xml	200	text/xml
20241123045439	https://cameroondeskacademy.com/product_cat-sitemap.xml	200	text/xml
20181007071925	http://cameroondeskacademy.com:80/profile/Murleine90/	200	text/html
20230123102849	https://cameroondeskacademy.com/robots.txt	200	text/plain
20181202203855	http://cameroondeskacademy.com:80/seo-from-media/	200	text/html
20181007085036	http://cameroondeskacademy.com:80/shop/	200	text/html
20231231064833	https://cameroondeskacademy.com/sitemap.rss	200	text/xml
20231231064405	https://cameroondeskacademy.com/sitemap.xml	200	text/xml
20240628154205	https://cameroondeskacademy.com/sitemap_index.xml	200	text/xml
20240105071637	https://cameroondeskacademy.com/telechargez-les-epreuves-et-corriges-du-concours-de-la-police-camerounaise/	200	text/html
20240628154240	https://cameroondeskacademy.com/testimonials-sitemap.xml	200	text/xml
20181107124118	http://cameroondeskacademy.com:80/working/	200	text/html
20231231074100	https://cameroondeskacademy.com/wp-admin/css/forms.min.css	200	text/css
20231231073259	https://cameroondeskacademy.com/wp-admin/css/forms.min.css?ver=6.1.4	200	text/css
20231231064741	https://cameroondeskacademy.com/wp-admin/css/l10n.min.css	200	text/css
20231231070947	https://cameroondeskacademy.com/wp-admin/css/l10n.min.css?ver=6.1.4	200	text/css
20231231070028	https://cameroondeskacademy.com/wp-admin/css/login.min.css	200	text/css
20231231085146	https://cameroondeskacademy.com/wp-admin/css/login.min.css?ver=6.1.4	200	text/css
20231231075815	https://cameroondeskacademy.com/wp-admin/js/password-strength-meter.min.js	200	application/javascript
20231231071804	https://cameroondeskacademy.com/wp-admin/js/password-strength-meter.min.js?ver=6.1.4	200	application/javascript
20231231065201	https://cameroondeskacademy.com/wp-admin/js/user-profile.min.js	200	application/javascript
20231231094004	https://cameroondeskacademy.com/wp-admin/js/user-profile.min.js?ver=6.1.4	200	application/javascript
20240105162349	https://cameroondeskacademy.com/wp-content/cache/min/1/wp-content/plugins/akismet/_inc/akismet-frontend.js?ver=1702310687	200	application/javascript
20231231060127	https://cameroondeskacademy.com/wp-content/cache/min/1/wp-content/plugins/contact-form-7/includes/js/index.js?ver=1702310653	200	application/javascript
20231231091525	https://cameroondeskacademy.com/wp-content/cache/min/1/wp-content/plugins/contact-form-7/includes/swv/js/index.js?ver=1702310653	200	application/javascript
20230131010131	https://cameroondeskacademy.com/wp-content/cache/min/1/wp-content/plugins/google-analytics-for-wordpress/assets/js/frontend-gtag.js?ver=1671549637	200	application/javascript
20230721215924	https://cameroondeskacademy.com/wp-content/cache/min/1/wp-content/plugins/google-analytics-for-wordpress/assets/js/frontend-gtag.js?ver=1689597569	200	application/javascript
20240105062304	https://cameroondeskacademy.com/wp-content/cache/min/1/wp-content/plugins/google-analytics-for-wordpress/assets/js/frontend-gtag.js?ver=1702310653	200	application/javascript
20230204211702	https://cameroondeskacademy.com/wp-content/cache/min/1/wp-content/plugins/learnpress-certificates/assets/js/pdf.js?ver=1671549783	200	application/javascript
20240106004610	https://cameroondeskacademy.com/wp-content/cache/min/1/wp-content/plugins/learnpress-certificates/assets/js/pdf.js?ver=1702310703	200	application/javascript
20230204213810	https://cameroondeskacademy.com/wp-content/cache/min/1/wp-content/plugins/learnpress-course-review/assets/js/course-review.js?ver=1671549783	200	application/javascript
20240106004610	https://cameroondeskacademy.com/wp-content/cache/min/1/wp-content/plugins/learnpress-course-review/assets/js/course-review.js?ver=1702312257	200	application/javascript
20230204130359	https://cameroondeskacademy.com/wp-content/cache/min/1/wp-content/plugins/learnpress-wishlist/assets/js/wishlist.js?ver=1671549637	200	application/javascript
20230721215924	https://cameroondeskacademy.com/wp-content/cache/min/1/wp-content/plugins/learnpress-wishlist/assets/js/wishlist.js?ver=1689597569	200	application/javascript
20240105062306	https://cameroondeskacademy.com/wp-content/cache/min/1/wp-content/plugins/learnpress-wishlist/assets/js/wishlist.js?ver=1702310653	200	application/javascript
20240105222612	https://cameroondeskacademy.com/wp-content/cache/min/1/wp-content/themes/eduma/assets/js/thim-content-slider.js?ver=1702310653	200	application/javascript
20230205053205	https://cameroondeskacademy.com/wp-content/fonts/roboto-slab/BngbUXZYTXPIvIBgJJSb6s3BzlRRfKOFbvjoa4Omb2RlV9Su1fah.woff	200	font/woff
20230131171216	https://cameroondeskacademy.com/wp-content/fonts/roboto/KFOmCnqEu92Fr1Mu4mxMKTU1Kg.woff	200	font/woff
20231231061728	https://cameroondeskacademy.com/wp-content/plugins/advanced-google-recaptcha/assets/css/captcha.min.css	200	text/css
20231231063825	https://cameroondeskacademy.com/wp-content/plugins/advanced-google-recaptcha/assets/css/captcha.min.css?ver=1.0.15	200	text/css
20231231060916	https://cameroondeskacademy.com/wp-content/plugins/advanced-google-recaptcha/assets/js/captcha.min.js	200	application/javascript
20230721215924	https://cameroondeskacademy.com/wp-content/plugins/advanced-google-recaptcha/assets/js/captcha.min.js?ver=1.0.15	200	application/javascript
20230814052338	http://cameroondeskacademy.com/wp-content/plugins/buddypress/bp-core/js/jquery-query.min.js?ver=3.2.0	200	application/javascript
20230814052305	http://cameroondeskacademy.com/wp-content/plugins/buddypress/bp-core/js/vendor/jquery-cookie.min.js?ver=3.2.0	200	application/javascript
20230814052306	http://cameroondeskacademy.com/wp-content/plugins/buddypress/bp-core/js/vendor/jquery-scroll-to.min.js?ver=3.2.0	200	application/javascript
20230814052411	http://cameroondeskacademy.com/wp-content/plugins/buddypress/bp-templates/bp-nouveau/js/buddypress-nouveau.min.js?ver=3.2.0	200	application/javascript
20230204211701	https://cameroondeskacademy.com/wp-content/plugins/contact-form-7/images/ajax-loader.gif	200	image/gif
20241123032413	https://cameroondeskacademy.com/wp-content/plugins/creame-whatsapp-me/public/css/joinchat.min.css	200	text/css
20241123031807	https://cameroondeskacademy.com/wp-content/plugins/creame-whatsapp-me/public/css/joinchat.min.css?ver=5.1.6	200	text/css
20250917165310	https://cameroondeskacademy.com/wp-content/plugins/creame-whatsapp-me/public/js/joinchat.min.js	200	application/javascript
20250917173036	https://cameroondeskacademy.com/wp-content/plugins/creame-whatsapp-me/public/js/joinchat.min.js?ver=5.1.6	200	application/javascript
20180807180621	http://cameroondeskacademy.com:80/wp-content/plugins/elementor/assets/	200	text/html
20240106012124	https://cameroondeskacademy.com/wp-content/plugins/elementor/assets/js/accordion.8799675460c73eb48972.bundle.min.js	200	application/javascript
20240106012124	https://cameroondeskacademy.com/wp-content/plugins/elementor/assets/js/alert.cbc2a0fee74ee3ed0419.bundle.min.js	200	application/javascript
20240106012124	https://cameroondeskacademy.com/wp-content/plugins/elementor/assets/js/container.3e03f0b480c65f79dee6.bundle.min.js	200	application/javascript
20240106012124	https://cameroondeskacademy.com/wp-content/plugins/elementor/assets/js/counter.02cef29c589e742d4c8c.bundle.min.js	200	application/javascript
20240105162352	https://cameroondeskacademy.com/wp-content/plugins/elementor/assets/js/frontend-modules.min.js?ver=3.14.1	200	application/javascript
20240105162352	https://cameroondeskacademy.com/wp-content/plugins/elementor/assets/js/frontend.min.js?ver=3.14.1	200	application/javascript
20240106012124	https://cameroondeskacademy.com/wp-content/plugins/elementor/assets/js/image-carousel.4455c6362492d9067512.bundle.min.js	200	application/javascript
20240106012124	https://cameroondeskacademy.com/wp-content/plugins/elementor/assets/js/lightbox.3489c2bc8f62c7ee72ed.bundle.min.js	200	application/javascript
20240105162353	https://cameroondeskacademy.com/wp-content/plugins/elementor/assets/js/preloaded-modules.min.js?ver=3.14.1	200	application/javascript
20240106012124	https://cameroondeskacademy.com/wp-content/plugins/elementor/assets/js/tabs.c2af5be7f9cb3cdcf3d5.bundle.min.js	200	application/javascript
20240106012124	https://cameroondeskacademy.com/wp-content/plugins/elementor/assets/js/text-editor.2c35aafbe5bf0e127950.bundle.min.js	200	application/javascript
20240106012124	https://cameroondeskacademy.com/wp-content/plugins/elementor/assets/js/text-path.b50b3e74488a4e302613.bundle.min.js	200	application/javascript
20240106012124	https://cameroondeskacademy.com/wp-content/plugins/elementor/assets/js/toggle.31881477c45ff5cf9d4d.bundle.min.js	200	application/javascript
20240105162352	https://cameroondeskacademy.com/wp-content/plugins/elementor/assets/js/webpack.runtime.min.js?ver=3.14.1	200	application/javascript
20240106012124	https://cameroondeskacademy.com/wp-content/plugins/elementor/assets/js/wp-audio.75f0ced143febb8cd31a.bundle.min.js	200	application/javascript
20240105162348	https://cameroondeskacademy.com/wp-content/plugins/elementor/assets/lib/dialog/dialog.min.js?ver=4.9.0	200	application/javascript
20240105162348	https://cameroondeskacademy.com/wp-content/plugins/elementor/assets/lib/eicons/fonts/eicons.eot?5.20.0	200	application/vnd.ms-fontobject
20240105162351	https://cameroondeskacademy.com/wp-content/plugins/elementor/assets/lib/eicons/fonts/eicons.svg?5.20.0	200	image/svg+xml
20240105162350	https://cameroondeskacademy.com/wp-content/plugins/elementor/assets/lib/eicons/fonts/eicons.ttf?5.20.0	200	font/ttf
20240105162351	https://cameroondeskacademy.com/wp-content/plugins/elementor/assets/lib/eicons/fonts/eicons.woff2?5.20.0	200	font/woff2
20240105162353	https://cameroondeskacademy.com/wp-content/plugins/elementor/assets/lib/eicons/fonts/eicons.woff?5.20.0	200	font/woff
20240105162351	https://cameroondeskacademy.com/wp-content/plugins/elementor/assets/lib/font-awesome/js/v4-shims.min.js?ver=3.14.1	200	application/javascript
20240105162350	https://cameroondeskacademy.com/wp-content/plugins/elementor/assets/lib/font-awesome/webfonts/fa-brands-400.eot	200	application/vnd.ms-fontobject
20240105162350	https://cameroondeskacademy.com/wp-content/plugins/elementor/assets/lib/font-awesome/webfonts/fa-brands-400.svg	200	image/svg+xml
20240105162353	https://cameroondeskacademy.com/wp-content/plugins/elementor/assets/lib/font-awesome/webfonts/fa-brands-400.ttf	200	font/ttf
20240105162352	https://cameroondeskacademy.com/wp-content/plugins/elementor/assets/lib/font-awesome/webfonts/fa-brands-400.woff	200	font/woff
20240105162351	https://cameroondeskacademy.com/wp-content/plugins/elementor/assets/lib/font-awesome/webfonts/fa-brands-400.woff2	200	font/woff2
20240105162351	https://cameroondeskacademy.com/wp-content/plugins/elementor/assets/lib/font-awesome/webfonts/fa-regular-400.eot	200	application/vnd.ms-fontobject
20240105162350	https://cameroondeskacademy.com/wp-content/plugins/elementor/assets/lib/font-awesome/webfonts/fa-regular-400.svg	200	image/svg+xml
20240105162352	https://cameroondeskacademy.com/wp-content/plugins/elementor/assets/lib/font-awesome/webfonts/fa-regular-400.ttf	200	font/ttf
20240105162353	https://cameroondeskacademy.com/wp-content/plugins/elementor/assets/lib/font-awesome/webfonts/fa-regular-400.woff	200	font/woff
20240105162352	https://cameroondeskacademy.com/wp-content/plugins/elementor/assets/lib/font-awesome/webfonts/fa-regular-400.woff2	200	font/woff2
20240105162349	https://cameroondeskacademy.com/wp-content/plugins/elementor/assets/lib/font-awesome/webfonts/fa-solid-900.eot	200	application/vnd.ms-fontobject
20240105162348	https://cameroondeskacademy.com/wp-content/plugins/elementor/assets/lib/font-awesome/webfonts/fa-solid-900.svg	200	image/svg+xml
20240105162350	https://cameroondeskacademy.com/wp-content/plugins/elementor/assets/lib/font-awesome/webfonts/fa-solid-900.ttf	200	font/ttf
20240105162349	https://cameroondeskacademy.com/wp-content/plugins/elementor/assets/lib/font-awesome/webfonts/fa-solid-900.woff	200	font/woff
20240105162350	https://cameroondeskacademy.com/wp-content/plugins/elementor/assets/lib/font-awesome/webfonts/fa-solid-900.woff2	200	font/woff2
20240105162349	https://cameroondeskacademy.com/wp-content/plugins/elementor/assets/lib/share-link/share-link.min.js?ver=3.14.1	200	application/javascript
20240105162352	https://cameroondeskacademy.com/wp-content/plugins/elementor/assets/lib/swiper/swiper.min.js?ver=5.3.6	200	application/javascript
20240105162351	https://cameroondeskacademy.com/wp-content/plugins/elementor/assets/lib/waypoints/waypoints.min.js?ver=4.0.2	200	application/javascript
20250917155756	https://cameroondeskacademy.com/wp-content/plugins/google-site-kit/dist/assets/js/googlesitekit-events-provider-contact-form-7-84e9a1056bc4922b7cbd.js	200	application/javascript
20250917151908	https://cameroondeskacademy.com/wp-content/plugins/google-site-kit/dist/assets/js/googlesitekit-events-provider-optin-monster-820bf8319bf22417c912.js	200	application/javascript
20250917151210	https://cameroondeskacademy.com/wp-content/plugins/google-site-kit/dist/assets/js/googlesitekit-events-provider-woocommerce-af479f5dec39653944f3.js	200	application/javascript
20250917155512	https://cameroondeskacademy.com/wp-content/plugins/google-site-kit/dist/assets/js/googlesitekit-events-provider-wpforms-3b23b71ea60c39fa1552.js	200	application/javascript
20231231061932	https://cameroondeskacademy.com/wp-content/plugins/js_composer/assets/js/dist/js_composer_front.min.js	200	application/javascript
20230204150822	https://cameroondeskacademy.com/wp-content/plugins/js_composer/assets/js/dist/js_composer_front.min.js?ver=6.10.0	200	application/javascript
20250917154112	https://cameroondeskacademy.com/wp-content/plugins/js_composer/assets/js/dist/js_composer_front.min.js?ver=7.9	200	application/javascript
20231231065546	https://cameroondeskacademy.com/wp-content/plugins/js_composer/assets/lib/bower/animate-css/animate.min.css	200	text/css
20230814052411	http://cameroondeskacademy.com/wp-content/plugins/js_composer/assets/lib/bower/animate-css/animate.min.css?ver=5.5.5	200	text/css
20231231061034	https://cameroondeskacademy.com/wp-content/plugins/js_composer/assets/lib/bower/animate-css/animate.min.css?ver=6.10.0	200	text/css
20231231062639	https://cameroondeskacademy.com/wp-content/plugins/js_composer/assets/lib/bower/skrollr/dist/skrollr.min.js	200	application/javascript
20231231060821	https://cameroondeskacademy.com/wp-content/plugins/js_composer/assets/lib/bower/skrollr/dist/skrollr.min.js?ver=6.10.0	200	application/javascript
20250917161102	https://cameroondeskacademy.com/wp-content/plugins/js_composer/assets/lib/vc/vc_waypoints/vc-waypoints.min.js	200	application/javascript
20250917162947	https://cameroondeskacademy.com/wp-content/plugins/js_composer/assets/lib/vc/vc_waypoints/vc-waypoints.min.js?ver=7.9	200	application/javascript
20231231064800	https://cameroondeskacademy.com/wp-content/plugins/js_composer/assets/lib/vc_waypoints/vc-waypoints.min.js	200	application/javascript
20230204132239	https://cameroondeskacademy.com/wp-content/plugins/js_composer/assets/lib/vc_waypoints/vc-waypoints.min.js?ver=6.10.0	200	application/javascript
20241123043007	https://cameroondeskacademy.com/wp-content/plugins/js_composer/assets/lib/vendor/node_modules/animate.css/animate.min.css	200	text/css
20241123051845	https://cameroondeskacademy.com/wp-content/plugins/js_composer/assets/lib/vendor/node_modules/animate.css/animate.min.css?ver=7.9	200	text/css
20250917153410	https://cameroondeskacademy.com/wp-content/plugins/learnpress-certificates/assets/js/certificates.min.js	200	application/javascript
20230131171217	https://cameroondeskacademy.com/wp-content/plugins/learnpress-certificates/assets/js/certificates.min.js?ver=4.0.3	200	application/javascript
20250917152312	https://cameroondeskacademy.com/wp-content/plugins/learnpress-certificates/assets/js/download.min.js	200	application/javascript
20230129140848	https://cameroondeskacademy.com/wp-content/plugins/learnpress-certificates/assets/js/download.min.js?ver=4.2	200	application/javascript
20250917150956	https://cameroondeskacademy.com/wp-content/plugins/learnpress-certificates/assets/js/fabric.min.js	200	application/javascript
20230204130359	https://cameroondeskacademy.com/wp-content/plugins/learnpress-certificates/assets/js/fabric.min.js?ver=1.4.13	200	application/javascript
20231231060535	https://cameroondeskacademy.com/wp-content/plugins/learnpress-coming-soon-courses/assets/js/jquery.mb-coming-soon.min.js	200	application/javascript
20231231062855	https://cameroondeskacademy.com/wp-content/plugins/learnpress-coming-soon-courses/assets/js/jquery.mb-coming-soon.min.js?ver=6.1.4	200	application/javascript
20231231075011	https://cameroondeskacademy.com/wp-content/plugins/learnpress-course-review/assets/css/course-review.css	200	text/css
20231231070249	https://cameroondeskacademy.com/wp-content/plugins/learnpress-course-review/assets/css/course-review.css?ver=6.1.4	200	text/css
20250917150951	https://cameroondeskacademy.com/wp-content/plugins/learnpress-course-review/assets/js/course-review-v2.min.js	200	application/javascript
20250917150843	https://cameroondeskacademy.com/wp-content/plugins/learnpress-course-review/assets/js/course-review-v2.min.js?ver=4.1.1	200	application/javascript
20250917151910	https://cameroondeskacademy.com/wp-content/plugins/learnpress-students-list/assets/js/lp-students-list.min.js	200	application/javascript
20230207004655	https://cameroondeskacademy.com/wp-content/plugins/learnpress-students-list/assets/js/lp-students-list.min.js?ver=4.0.1	200	application/javascript
20231231070325	https://cameroondeskacademy.com/wp-content/plugins/learnpress-wishlist/assets/css/wishlist.css	200	text/css
20231231071832	https://cameroondeskacademy.com/wp-content/plugins/learnpress-wishlist/assets/css/wishlist.css?ver=4.0.4	200	text/css
20230814052130	http://cameroondeskacademy.com/wp-content/plugins/learnpress-wishlist/assets/css/wishlist.css?ver=4.9.8	200	text/css
20240628174227	https://cameroondeskacademy.com/wp-content/plugins/learnpress-wishlist/assets/css/wishlist.min.css?ver=4.0.7	200	text/css
20231231074222	https://cameroondeskacademy.com/wp-content/plugins/learnpress-wishlist/assets/js/wishlist.js	200	application/javascript
20231231073629	https://cameroondeskacademy.com/wp-content/plugins/learnpress-wishlist/assets/js/wishlist.js?ver=6.1.4	200	application/javascript
20250917151213	https://cameroondeskacademy.com/wp-content/plugins/learnpress-wishlist/assets/js/wishlist.min.js	200	application/javascript
20250917151955	https://cameroondeskacademy.com/wp-content/plugins/learnpress-wishlist/assets/js/wishlist.min.js?ver=4.0.7	200	application/javascript
20231231065306	https://cameroondeskacademy.com/wp-content/plugins/learnpress-woo-payment/assets/lp_woo.min.css	200	text/css
20231231064135	https://cameroondeskacademy.com/wp-content/plugins/learnpress-woo-payment/assets/lp_woo.min.css?ver=4.0.9	200	text/css
20231231055639	https://cameroondeskacademy.com/wp-content/plugins/learnpress-woo-payment/assets/lp_woo.min.js	200	application/javascript
20231231062047	https://cameroondeskacademy.com/wp-content/plugins/learnpress-woo-payment/assets/lp_woo.min.js?ver=4.0.9	200	application/javascript
20231231064744	https://cameroondeskacademy.com/wp-content/plugins/learnpress/assets/css/learnpress.min.css	200	text/css
20231231082607	https://cameroondeskacademy.com/wp-content/plugins/learnpress/assets/css/learnpress.min.css?ver=4.0.1	200	text/css
20231231090450	https://cameroondeskacademy.com/wp-content/plugins/learnpress/assets/css/widgets.min.css	200	text/css
20231231074207	https://cameroondeskacademy.com/wp-content/plugins/learnpress/assets/css/widgets.min.css?ver=4.0.1	200	text/css
20240105162348	https://cameroondeskacademy.com/wp-content/plugins/learnpress/assets/js/dist/frontend/become-teacher.min.js?ver=4.2.0	200	application/javascript
20231231064602	https://cameroondeskacademy.com/wp-content/plugins/learnpress/assets/js/dist/frontend/courses.min.js	200	application/javascript
20230129140848	https://cameroondeskacademy.com/wp-content/plugins/learnpress/assets/js/dist/frontend/courses.min.js?ver=4.2.0	200	application/javascript
20250917172225	https://cameroondeskacademy.com/wp-content/plugins/learnpress/assets/js/dist/frontend/courses.min.js?ver=4.2.7.5	200	application/javascript
20250917151348	https://cameroondeskacademy.com/wp-content/plugins/learnpress/assets/js/dist/frontend/single-course.min.js	200	application/javascript
20230204132243	https://cameroondeskacademy.com/wp-content/plugins/learnpress/assets/js/dist/frontend/single-course.min.js?ver=4.2.0	200	application/javascript
20250917151007	https://cameroondeskacademy.com/wp-content/plugins/learnpress/assets/js/dist/frontend/single-course.min.js?ver=4.2.7.5	200	application/javascript
20230204132240	https://cameroondeskacademy.com/wp-content/plugins/learnpress/assets/js/dist/frontend/single-curriculum.min.js?ver=4.2.0	200	application/javascript
20250917161659	https://cameroondeskacademy.com/wp-content/plugins/learnpress/assets/js/dist/loadAJAX.min.js	200	application/javascript
20250917171713	https://cameroondeskacademy.com/wp-content/plugins/learnpress/assets/js/dist/loadAJAX.min.js?ver=4.2.7.5	200	application/javascript
20231231060716	https://cameroondeskacademy.com/wp-content/plugins/learnpress/assets/js/dist/utils.min.js	200	application/javascript
20230204130400	https://cameroondeskacademy.com/wp-content/plugins/learnpress/assets/js/dist/utils.min.js?ver=4.2.0	200	application/javascript
20250917161804	https://cameroondeskacademy.com/wp-content/plugins/learnpress/assets/js/dist/utils.min.js?ver=4.2.7.5	200	application/javascript
20231231090710	https://cameroondeskacademy.com/wp-content/plugins/learnpress/assets/js/global.min.js	200	application/javascript
20230204211702	https://cameroondeskacademy.com/wp-content/plugins/learnpress/assets/js/global.min.js?ver=4.2.0	200	application/javascript
20250917154242	https://cameroondeskacademy.com/wp-content/plugins/learnpress/assets/js/global.min.js?ver=4.2.7.5	200	application/javascript
20230204132242	https://cameroondeskacademy.com/wp-content/plugins/learnpress/assets/src/css/vendor/fonts/webfonts/fa-brands-400.eot	200	application/vnd.ms-fontobject
20230206020209	https://cameroondeskacademy.com/wp-content/plugins/learnpress/assets/src/css/vendor/fonts/webfonts/fa-brands-400.svg	200	image/svg+xml
20230206130929	https://cameroondeskacademy.com/wp-content/plugins/learnpress/assets/src/css/vendor/fonts/webfonts/fa-brands-400.ttf	200	font/ttf
20230206131141	https://cameroondeskacademy.com/wp-content/plugins/learnpress/assets/src/css/vendor/fonts/webfonts/fa-brands-400.woff	200	font/woff
20230204132241	https://cameroondeskacademy.com/wp-content/plugins/learnpress/assets/src/css/vendor/fonts/webfonts/fa-brands-400.woff2	200	font/woff2
20230204132239	https://cameroondeskacademy.com/wp-content/plugins/learnpress/assets/src/css/vendor/fonts/webfonts/fa-regular-400.eot	200	application/vnd.ms-fontobject
20230204142542	https://cameroondeskacademy.com/wp-content/plugins/learnpress/assets/src/css/vendor/fonts/webfonts/fa-regular-400.svg	200	image/svg+xml
20230204132241	https://cameroondeskacademy.com/wp-content/plugins/learnpress/assets/src/css/vendor/fonts/webfonts/fa-regular-400.ttf	200	font/ttf
20230204213810	https://cameroondeskacademy.com/wp-content/plugins/learnpress/assets/src/css/vendor/fonts/webfonts/fa-regular-400.woff	200	font/woff
20230131171227	https://cameroondeskacademy.com/wp-content/plugins/learnpress/assets/src/css/vendor/fonts/webfonts/fa-regular-400.woff2	200	font/woff2
20230202011326	https://cameroondeskacademy.com/wp-content/plugins/learnpress/assets/src/css/vendor/fonts/webfonts/fa-solid-900.eot	200	application/vnd.ms-fontobject
20230202175810	https://cameroondeskacademy.com/wp-content/plugins/learnpress/assets/src/css/vendor/fonts/webfonts/fa-solid-900.svg	200	image/svg+xml
20230204132239	https://cameroondeskacademy.com/wp-content/plugins/learnpress/assets/src/css/vendor/fonts/webfonts/fa-solid-900.ttf	200	font/ttf
20230204132241	https://cameroondeskacademy.com/wp-content/plugins/learnpress/assets/src/css/vendor/fonts/webfonts/fa-solid-900.woff	200	font/woff
20230204131405	https://cameroondeskacademy.com/wp-content/plugins/learnpress/assets/src/css/vendor/fonts/webfonts/fa-solid-900.woff2	200	font/woff2
20230814052132	http://cameroondeskacademy.com/wp-content/plugins/miniorange-login-openid/includes/css/bootstrap-social.css?ver=4.9.8	200	text/css
20240105062304	https://cameroondeskacademy.com/wp-content/plugins/official-facebook-pixel/js/openbridge_plugin.js	200	application/javascript
20230814052132	http://cameroondeskacademy.com/wp-content/plugins/paid-memberships-pro/css/frontend.css?ver=1.9.5.5	200	text/css
20250918004228	https://cameroondeskacademy.com/wp-content/plugins/pixelyoursite/dist/scripts/jquery.bind-first-0.2.3.min.js	200	application/javascript
20250917171246	https://cameroondeskacademy.com/wp-content/plugins/pixelyoursite/dist/scripts/jquery.bind-first-0.2.3.min.js?ver=6.8.2	200	application/javascript
20250917151917	https://cameroondeskacademy.com/wp-content/plugins/pixelyoursite/dist/scripts/js.cookie-2.1.3.min.js	200	application/javascript
20250917150448	https://cameroondeskacademy.com/wp-content/plugins/pixelyoursite/dist/scripts/js.cookie-2.1.3.min.js?ver=2.1.3	200	application/javascript
20250917154522	https://cameroondeskacademy.com/wp-content/plugins/pixelyoursite/dist/scripts/tld.min.js	200	application/javascript
20250917151412	https://cameroondeskacademy.com/wp-content/plugins/pixelyoursite/dist/scripts/tld.min.js?ver=2.3.1	200	application/javascript
20240105222612	https://cameroondeskacademy.com/wp-content/plugins/revslider/public/assets/assets/coloredbg.png	200	image/png
20240105222613	https://cameroondeskacademy.com/wp-content/plugins/revslider/public/assets/assets/dummy.png	200	image/png
20240105222615	https://cameroondeskacademy.com/wp-content/plugins/revslider/public/assets/assets/loader.gif	200	image/gif
20181107132259	http://cameroondeskacademy.com:80/wp-content/plugins/revslider/public/assets/js/	200	text/html
20231231054634	https://cameroondeskacademy.com/wp-content/plugins/revslider/public/assets/js/rbtools.min.js	200	application/javascript
20231231054915	https://cameroondeskacademy.com/wp-content/plugins/revslider/public/assets/js/rbtools.min.js?ver=6.6.7	200	application/javascript
20231231060341	https://cameroondeskacademy.com/wp-content/plugins/revslider/public/assets/js/rs6.min.js	200	application/javascript
20231231054703	https://cameroondeskacademy.com/wp-content/plugins/revslider/public/assets/js/rs6.min.js?ver=6.6.7	200	application/javascript
20250917153827	https://cameroondeskacademy.com/wp-content/plugins/woocommerce/assets/js/frontend/order-attribution.min.js	200	application/javascript
20250917151311	https://cameroondeskacademy.com/wp-content/plugins/woocommerce/assets/js/frontend/order-attribution.min.js?ver=9.8.4	200	application/javascript
20250917160843	https://cameroondeskacademy.com/wp-content/plugins/woocommerce/assets/js/frontend/woocommerce.min.js	200	application/javascript
20250917153022	https://cameroondeskacademy.com/wp-content/plugins/woocommerce/assets/js/frontend/woocommerce.min.js?ver=9.8.4	200	application/javascript
20250917152822	https://cameroondeskacademy.com/wp-content/plugins/woocommerce/assets/js/jquery-blockui/jquery.blockUI.min.js	200	application/javascript
20250917153653	https://cameroondeskacademy.com/wp-content/plugins/woocommerce/assets/js/jquery-blockui/jquery.blockUI.min.js?ver=2.7.0-wc.9.8.4	200	application/javascript
20250917153754	https://cameroondeskacademy.com/wp-content/plugins/woocommerce/assets/js/js-cookie/js.cookie.min.js	200	application/javascript
20250917153603	https://cameroondeskacademy.com/wp-content/plugins/woocommerce/assets/js/js-cookie/js.cookie.min.js?ver=2.1.4-wc.9.8.4	200	application/javascript
20250917160510	https://cameroondeskacademy.com/wp-content/plugins/woocommerce/assets/js/sourcebuster/sourcebuster.min.js	200	application/javascript
20250917155157	https://cameroondeskacademy.com/wp-content/plugins/woocommerce/assets/js/sourcebuster/sourcebuster.min.js?ver=9.8.4	200	application/javascript
20230814052215	http://cameroondeskacademy.com/wp-content/plugins/wp-events-manager/assets//css/frontend/events.min.css?ver=4.9.8	200	text/css
20230814052511	http://cameroondeskacademy.com/wp-content/plugins/wp-events-manager/assets//js/frontend/events.min.js?ver=4.9.8	200	application/javascript
20230814052217	http://cameroondeskacademy.com/wp-content/plugins/wp-events-manager/inc/libraries//magnific-popup/css/magnific-popup.css?ver=4.9.8	200	text/css
20230814052511	http://cameroondeskacademy.com/wp-content/plugins/wp-events-manager/inc/libraries//magnific-popup/js/jquery.magnific-popup.min.js?ver=2.1.7.4	200	application/javascript
20230814052215	http://cameroondeskacademy.com/wp-content/plugins/wp-events-manager/inc/libraries//owl-carousel/css/owl.carousel.css?ver=4.9.8	200	text/css
20230814052512	http://cameroondeskacademy.com/wp-content/plugins/wp-events-manager/inc/libraries//owl-carousel/js/owl.carousel.min.js?ver=4.9.8	200	application/javascript
20230201010735	https://cameroondeskacademy.com/wp-content/plugins/wp-rocket/assets/img/youtube.png	200	image/png
20230202175810	https://cameroondeskacademy.com/wp-content/plugins/wp-rocket/assets/js/lazyload/17.5/lazyload.min.js	200	application/javascript
20240628143202	https://cameroondeskacademy.com/wp-content/plugins/wp-rocket/assets/js/lazyload/17.8.3/lazyload.min.js	200	application/javascript
20180828081345	http://cameroondeskacademy.com:80/wp-content/plugins/wp-webinarsystem/includes/core-requesthandler.php	200	text/html
20240105162353	https://cameroondeskacademy.com/wp-content/plugins/wpforms-lite/assets/js/integrations/elementor/frontend.min.js?ver=1.8.1.3	200	application/javascript
20231231062923	https://cameroondeskacademy.com/wp-content/themes/eduma/assets/css/v4-shims.min.css	200	text/css
20231231062548	https://cameroondeskacademy.com/wp-content/themes/eduma/assets/css/v4-shims.min.css?ver=5.1.5	200	text/css
20231231055553	https://cameroondeskacademy.com/wp-content/themes/eduma/assets/fonts/thim-ekits/thim-ekits.svg	200	image/svg+xml
20230204145634	https://cameroondeskacademy.com/wp-content/themes/eduma/assets/fonts/thim-ekits/thim-ekits.svg?q40gn5	200	image/svg+xml
20231231060127	https://cameroondeskacademy.com/wp-content/themes/eduma/assets/fonts/thim-ekits/thim-ekits.ttf	200	font/ttf
20230207072723	https://cameroondeskacademy.com/wp-content/themes/eduma/assets/fonts/thim-ekits/thim-ekits.ttf?q40gn5	200	font/ttf
20231231055010	https://cameroondeskacademy.com/wp-content/themes/eduma/assets/fonts/thim-ekits/thim-ekits.woff	200	font/woff
20230204132242	https://cameroondeskacademy.com/wp-content/themes/eduma/assets/fonts/thim-ekits/thim-ekits.woff?q40gn5	200	font/woff
20231231054649	https://cameroondeskacademy.com/wp-content/themes/eduma/assets/js/custom-script-v2.min.js	200	application/javascript
20230204142549	https://cameroondeskacademy.com/wp-content/themes/eduma/assets/js/custom-script-v2.min.js?ver=5.1.5	200	application/javascript
20231231063307	https://cameroondeskacademy.com/wp-content/themes/eduma/assets/js/jquery.countTo.min.js	200	application/javascript
20231231054624	https://cameroondeskacademy.com/wp-content/themes/eduma/assets/js/jquery.countTo.min.js?ver=5.1.5	200	application/javascript
20231231054425	https://cameroondeskacademy.com/wp-content/themes/eduma/assets/js/jquery.waypoints.min.js	200	application/javascript
20231231065150	https://cameroondeskacademy.com/wp-content/themes/eduma/assets/js/jquery.waypoints.min.js?ver=5.1.5	200	application/javascript
20231231060113	https://cameroondeskacademy.com/wp-content/themes/eduma/assets/js/main.min.js	200	application/javascript
20230204132243	https://cameroondeskacademy.com/wp-content/themes/eduma/assets/js/main.min.js?ver=5.1.5	200	application/javascript
20231231092743	https://cameroondeskacademy.com/wp-content/themes/eduma/assets/js/smooth_scroll.min.js	200	application/javascript
20230206040327	https://cameroondeskacademy.com/wp-content/themes/eduma/assets/js/smooth_scroll.min.js?ver=5.1.5	200	application/javascript
20231231061617	https://cameroondeskacademy.com/wp-content/themes/eduma/assets/js/thim-course-filter-v2.min.js	200	application/javascript
20231231054656	https://cameroondeskacademy.com/wp-content/themes/eduma/assets/js/thim-course-filter-v2.min.js?ver=5.1.5	200	application/javascript
20231231172305	https://cameroondeskacademy.com/wp-content/themes/eduma/assets/js/thim-scripts.min.js	200	application/javascript
20230204131406	https://cameroondeskacademy.com/wp-content/themes/eduma/assets/js/thim-scripts.min.js?ver=5.1.5	200	application/javascript
20230206131141	https://cameroondeskacademy.com/wp-content/themes/eduma/images/patterns/pattern1.png	200	image/png
20231231054510	https://cameroondeskacademy.com/wp-content/uploads/2015/11/220px-Man_Silhouette_opt-100x100.png	200	image/png
20230814052409	http://cameroondeskacademy.com/wp-content/uploads/2015/11/course-4-450x450.jpg	200	image/jpeg
20231231064755	https://cameroondeskacademy.com/wp-content/uploads/2015/12/1-450x300.jpg	200	image/jpeg
20231231055449	https://cameroondeskacademy.com/wp-content/uploads/2015/12/2-450x300.jpg	200	image/jpeg
20231231055522	https://cameroondeskacademy.com/wp-content/uploads/2015/12/3-450x300.jpg	200	image/jpeg
20231231072707	https://cameroondeskacademy.com/wp-content/uploads/2015/12/4-450x300.jpg	200	image/jpeg
20231231065916	https://cameroondeskacademy.com/wp-content/uploads/2015/12/5-450x300.jpg	200	image/jpeg
20231231060212	https://cameroondeskacademy.com/wp-content/uploads/2015/12/6-450x300.jpg	200	image/jpeg
20231231062610	https://cameroondeskacademy.com/wp-content/uploads/2015/12/7-450x300.jpg	200	image/jpeg
20231231055838	https://cameroondeskacademy.com/wp-content/uploads/2015/12/8-450x300.jpg	200	image/jpeg
20231231061622	https://cameroondeskacademy.com/wp-content/uploads/2015/12/ad.jpg	200	image/jpeg
20240628153841	https://cameroondeskacademy.com/wp-content/uploads/2015/12/ad.jpg.webp	200	image/webp
20230204132243	https://cameroondeskacademy.com/wp-content/uploads/2015/12/Flyer-excel-compta-01-150x150.png	200	image/png
20231231060857	https://cameroondeskacademy.com/wp-content/uploads/2015/12/Flyer-excel-compta-01-150x150.png.webp	200	image/webp
20231231061244	https://cameroondeskacademy.com/wp-content/uploads/2015/12/Flyer-excel-compta-01-400x300.png	200	image/png
20231231075020	https://cameroondeskacademy.com/wp-content/uploads/2015/12/Flyer-excel-finance-01-400x300.png	200	image/png
20230204145011	https://cameroondeskacademy.com/wp-content/uploads/2016/02/megamenu.jpg	200	image/jpeg
20231231063223	https://cameroondeskacademy.com/wp-content/uploads/2016/02/megamenu.jpg.webp	200	image/webp
20230204142546	https://cameroondeskacademy.com/wp-content/uploads/2018/10/cropped-Favicon-CDA-180x180.png	200	image/png
20230204211701	https://cameroondeskacademy.com/wp-content/uploads/2018/10/cropped-Favicon-CDA-192x192.png	200	image/png
20230206020210	https://cameroondeskacademy.com/wp-content/uploads/2018/10/cropped-Favicon-CDA-32x32.png	200	image/png
20230204132239	https://cameroondeskacademy.com/wp-content/uploads/2018/10/Logo-Final-CDA-Version-2.png	200	image/png
20231231092202	https://cameroondeskacademy.com/wp-content/uploads/2018/10/Logo-Final-CDA-Version-2.png.webp	200	image/webp
20240106004611	https://cameroondeskacademy.com/wp-content/uploads/2018/10/web-final-300x81.png	200	image/png
20230204132251	https://cameroondeskacademy.com/wp-content/uploads/2018/10/web-final.png	200	image/png
20231231084811	https://cameroondeskacademy.com/wp-content/uploads/2018/10/web-final.png.webp	200	image/webp
20240106004611	https://cameroondeskacademy.com/wp-content/uploads/2018/12/blogging-SMB-1024x560.png	200	image/png
20240106004609	https://cameroondeskacademy.com/wp-content/uploads/2018/12/blogging-SMB-300x164.png	200	image/png
20240106004609	https://cameroondeskacademy.com/wp-content/uploads/2018/12/blogging-SMB-600x328.png	200	image/png
20240106004610	https://cameroondeskacademy.com/wp-content/uploads/2018/12/blogging-SMB-768x420.png	200	image/png
20240106004610	https://cameroondeskacademy.com/wp-content/uploads/2018/12/blogging-SMB.png	200	image/png
20231231060838	https://cameroondeskacademy.com/wp-content/uploads/2018/12/demo_image.jpg	200	image/jpeg
20231231063035	https://cameroondeskacademy.com/wp-content/uploads/2018/12/f9cd7c14-72c2-48a4-908f-917ec4d2150f-300x200.jpg	200	image/jpeg
20240628153831	https://cameroondeskacademy.com/wp-content/uploads/2018/12/f9cd7c14-72c2-48a4-908f-917ec4d2150f-300x200.jpg.webp	200	image/webp
20231231070841	https://cameroondeskacademy.com/wp-content/uploads/2018/12/f9cd7c14-72c2-48a4-908f-917ec4d2150f-600x400.jpg	200	image/jpeg
20240628153804	https://cameroondeskacademy.com/wp-content/uploads/2018/12/f9cd7c14-72c2-48a4-908f-917ec4d2150f-600x400.jpg.webp	200	image/webp
20231231063852	https://cameroondeskacademy.com/wp-content/uploads/2018/12/f9cd7c14-72c2-48a4-908f-917ec4d2150f.jpg	200	image/jpeg
20231231055732	https://cameroondeskacademy.com/wp-content/uploads/2018/12/icon01.png	200	image/png
20231231063310	https://cameroondeskacademy.com/wp-content/uploads/2018/12/icon03.png	200	image/png
20231231060717	https://cameroondeskacademy.com/wp-content/uploads/2019/01/icon0402-01.png	200	image/png
20231231080610	https://cameroondeskacademy.com/wp-content/uploads/2019/01/search-course01-01.png	200	image/png
20231231075149	https://cameroondeskacademy.com/wp-content/uploads/2019/02/Autocad-450x300.png	200	image/png
20231231080951	https://cameroondeskacademy.com/wp-content/uploads/2019/03/50-Beautiful-and-Minimalist-Presentation-Backgrounds-045.jpg	200	image/jpeg
20231231054656	https://cameroondeskacademy.com/wp-content/uploads/2019/05/blog-entreprise-450x300.jpg	200	image/jpeg
20230207073139	https://cameroondeskacademy.com/wp-content/uploads/2019/05/Formation-CS-Pro-1-150x150.jpg	200	image/jpeg
20231231065017	https://cameroondeskacademy.com/wp-content/uploads/2019/05/Formation-CS-Pro-1-150x150.jpg.webp	200	image/webp
20231231084903	https://cameroondeskacademy.com/wp-content/uploads/2019/05/Formation-CS-Pro-1-400x300.jpg	200	image/jpeg
20231231080129	https://cameroondeskacademy.com/wp-content/uploads/2019/05/statistics-450x300.png	200	image/png
20230207233046	https://cameroondeskacademy.com/wp-content/uploads/2019/06/Formation-SPSS-Flyer.svg_-400x250.png	200	image/png
20230207093847	https://cameroondeskacademy.com/wp-content/uploads/2019/08/Flyer-infographics-150x150.jpg	200	image/jpeg
20231231062958	https://cameroondeskacademy.com/wp-content/uploads/2019/08/Flyer-infographics-150x150.jpg.webp	200	image/webp
20231231094133	https://cameroondeskacademy.com/wp-content/uploads/2019/08/Flyer-infographics-400x300.jpg	200	image/jpeg
20240105062303	https://cameroondeskacademy.com/wp-content/uploads/2019/08/logo-CDA-01.png	200	image/png
20230206131300	https://cameroondeskacademy.com/wp-content/uploads/2019/08/R-flyer-final-150x150.png	200	image/png
20231231075716	https://cameroondeskacademy.com/wp-content/uploads/2019/08/R-flyer-final-150x150.png.webp	200	image/webp
20231231061709	https://cameroondeskacademy.com/wp-content/uploads/2019/08/R-flyer-final-400x300.png	200	image/png
20230204132242	https://cameroondeskacademy.com/wp-content/uploads/2019/08/R_logo.svg_.png	200	image/png
20231231062239	https://cameroondeskacademy.com/wp-content/uploads/2019/12/Artwork_in-Science-1-400x300.jpg	200	image/jpeg
20240106011223	https://cameroondeskacademy.com/wp-content/uploads/2019/12/course-6-400x250.jpg	200	image/jpeg
20250917151344	https://cameroondeskacademy.com/wp-content/uploads/2019/12/course-6-400x250.jpg.webp	200	image/webp
20230204132242	https://cameroondeskacademy.com/wp-content/uploads/2019/12/formation-excel-debutant-150x150.jpg	200	image/jpeg
20231231060935	https://cameroondeskacademy.com/wp-content/uploads/2019/12/formation-excel-debutant-150x150.jpg.webp	200	image/webp
20231231082542	https://cameroondeskacademy.com/wp-content/uploads/2019/12/formation-excel-debutant-400x300.jpg	200	image/jpeg
20240926112532	https://cameroondeskacademy.com/wp-content/uploads/2019/12/g2794-1-1024x794.png	200	image/png
20240106011223	https://cameroondeskacademy.com/wp-content/uploads/2020/01/FORMATION-EN-SUIVI-ET-EVALUATION-400x250.png	200	image/png
20250917161722	https://cameroondeskacademy.com/wp-content/uploads/2020/01/FORMATION-EN-SUIVI-ET-EVALUATION-400x250.png.webp	200	image/webp
20250917152904	https://cameroondeskacademy.com/wp-content/uploads/2020/02/istockphoto-610848500-612x612-300x225.jpg.webp	200	image/webp
20240106011222	https://cameroondeskacademy.com/wp-content/uploads/2020/02/istockphoto-610848500-612x612-400x250.jpg	200	image/jpeg
20250917150438	https://cameroondeskacademy.com/wp-content/uploads/2020/02/istockphoto-610848500-612x612-600x450.jpg.webp	200	image/webp
20250917152958	https://cameroondeskacademy.com/wp-content/uploads/2020/02/istockphoto-610848500-612x612.jpg.webp	200	image/webp
20240106011222	https://cameroondeskacademy.com/wp-content/uploads/2021/09/tmbrobot01.jpg	200	image/jpeg
20250917150844	https://cameroondeskacademy.com/wp-content/uploads/2021/09/tmbrobot01.jpg.webp	200	image/webp
20230131010131	https://cameroondeskacademy.com/wp-content/uploads/2022/12/module-1-outils-et-techniques-de-recherche-demploi-1-320-1.jpg	200	image/jpeg
20250917151145	https://cameroondeskacademy.com/wp-content/uploads/2022/12/tre-frmation-final-cda-400x250.jpg	200	image/jpeg
20231231055701	https://cameroondeskacademy.com/wp-content/uploads/2022/12/tre-frmation-final-cda-400x300.jpg	200	image/jpeg
20240106011223	https://cameroondeskacademy.com/wp-content/uploads/2022/12/tre-frmation-final-cda.jpg	200	image/jpeg
20231231071628	https://cameroondeskacademy.com/wp-content/uploads/2022/12/Untitled-1-10.jpg	200	image/jpeg
20231231092652	https://cameroondeskacademy.com/wp-content/uploads/2022/12/Untitled-1-10.jpg?id=36062	200	image/jpeg
20240106011223	https://cameroondeskacademy.com/wp-content/uploads/2023/05/FORMATION-400x250.png	200	image/png
20230719064505	https://cameroondeskacademy.com/wp-content/uploads/2023/05/FORMATION-450x450.png	200	image/png
20230724234143	https://cameroondeskacademy.com/wp-content/uploads/2023/06/anciennes-epreuves-concours-cameroun.webp	200	text/html
20240105215439	https://cameroondeskacademy.com/wp-content/uploads/2023/06/anciennes-epreuves-polytechnique-ahn-A1-300x240.webp	200	image/webp
20240105215439	https://cameroondeskacademy.com/wp-content/uploads/2023/06/anciennes-epreuves-polytechnique-ahn-A1.webp	200	image/webp
20240105215439	https://cameroondeskacademy.com/wp-content/uploads/2023/06/anciennes-epreuves-polytechnique-niveau-licence-300x240.webp	200	image/webp
20240105215439	https://cameroondeskacademy.com/wp-content/uploads/2023/06/anciennes-epreuves-polytechnique-niveau-licence.webp	200	image/webp
20230719213345	https://cameroondeskacademy.com/wp-content/uploads/2023/06/concours-lances-cameroun-2023-2024-100x100.webp	200	image/webp
20230719213342	https://cameroondeskacademy.com/wp-content/uploads/2023/06/concours-lances-cameroun-2023-2024-150x150.webp	200	image/webp
20230719213345	https://cameroondeskacademy.com/wp-content/uploads/2023/06/concours-lances-cameroun-2023-2024-300x300.webp	200	image/webp
20230719213345	https://cameroondeskacademy.com/wp-content/uploads/2023/06/concours-lances-cameroun-2023-2024.webp	200	image/webp
20240105215439	https://cameroondeskacademy.com/wp-content/uploads/2023/06/epreuves-polytechnique-yaounde-sciences-technologies-A1-300x240.webp	200	image/webp
20240105215439	https://cameroondeskacademy.com/wp-content/uploads/2023/06/epreuves-polytechnique-yaounde-sciences-technologies-A1.webp	200	image/webp
20240105215439	https://cameroondeskacademy.com/wp-content/uploads/2023/06/photo-de-couverture-article-ensp-240x300.png	200	image/png
20240105215439	https://cameroondeskacademy.com/wp-content/uploads/2023/06/photo-de-couverture-article-ensp.png	200	image/png
20240319135448	https://cameroondeskacademy.com/wp-content/uploads/2023/07/Aciennes-epreuves-concours-ide-cameroun_Plan-de-travail-1-300x244.jpg	200	image/jpeg
20240319135447	https://cameroondeskacademy.com/wp-content/uploads/2023/07/Aciennes-epreuves-concours-ide-cameroun_Plan-de-travail-1.jpg	200	image/jpeg
20240105215619	https://cameroondeskacademy.com/wp-content/uploads/2023/07/anciennes-epreuves-concours-polytechnique-Douala-300x240.webp	200	image/webp
20240105215619	https://cameroondeskacademy.com/wp-content/uploads/2023/07/anciennes-epreuves-concours-polytechnique-Douala.webp	200	image/webp
20240105215619	https://cameroondeskacademy.com/wp-content/uploads/2023/07/epreuve-concours-blanc-enspd-300x240.webp	200	image/webp
20240105215619	https://cameroondeskacademy.com/wp-content/uploads/2023/07/epreuve-concours-blanc-enspd.webp	200	image/webp
20240105215620	https://cameroondeskacademy.com/wp-content/uploads/2023/07/epreuves-enspd-niveau3-genie-civil-300x240.webp	200	image/webp
20240105215619	https://cameroondeskacademy.com/wp-content/uploads/2023/07/epreuves-enspd-niveau3-genie-civil.webp	200	image/webp
20240105062304	https://cameroondeskacademy.com/wp-content/uploads/2023/07/feat-image-enspd-300x240.webp	200	image/webp
20240105062302	https://cameroondeskacademy.com/wp-content/uploads/2023/07/feat-image-enspd.webp	200	image/webp
20240105211034	https://cameroondeskacademy.com/wp-content/uploads/2023/07/tb-wamba-1024x551.png	200	image/png
20240105211033	https://cameroondeskacademy.com/wp-content/uploads/2023/07/tb-wamba-300x161.png	200	image/png
20240105211033	https://cameroondeskacademy.com/wp-content/uploads/2023/07/tb-wamba-600x323.png	200	image/png
20240105211033	https://cameroondeskacademy.com/wp-content/uploads/2023/07/tb-wamba-768x413.png	200	image/png
20240105211033	https://cameroondeskacademy.com/wp-content/uploads/2023/07/tb-wamba.png	200	image/png
20240105062304	https://cameroondeskacademy.com/wp-content/uploads/2023/08/anciennes-epreuves-polytechnique-maroua_2023-300x240.webp	200	image/webp
20240105062302	https://cameroondeskacademy.com/wp-content/uploads/2023/08/anciennes-epreuves-polytechnique-maroua_2023.webp	200	image/webp
20240105211034	https://cameroondeskacademy.com/wp-content/uploads/2023/08/cv-ouvrier-canada-1024x573.jpg	200	image/jpeg
20240105211034	https://cameroondeskacademy.com/wp-content/uploads/2023/08/cv-ouvrier-canada-300x168.jpg	200	image/jpeg
20240105211034	https://cameroondeskacademy.com/wp-content/uploads/2023/08/cv-ouvrier-canada-600x336.jpg	200	image/jpeg
20240105211034	https://cameroondeskacademy.com/wp-content/uploads/2023/08/cv-ouvrier-canada-768x430.jpg	200	image/jpeg
20240105211035	https://cameroondeskacademy.com/wp-content/uploads/2023/08/cv-ouvrier-canada.jpg	200	image/jpeg
20240105062306	https://cameroondeskacademy.com/wp-content/uploads/2023/08/epreuves-concours-enstp-yaounde-300x240.webp	200	image/webp
20240105062305	https://cameroondeskacademy.com/wp-content/uploads/2023/08/epreuves-concours-enstp-yaounde.webp	200	image/webp
20240105210506	https://cameroondeskacademy.com/wp-content/uploads/2023/08/modele-de-cv-canadien-ouvrier-de-production-300x200.jpg	200	image/jpeg
20240105211035	https://cameroondeskacademy.com/wp-content/uploads/2023/08/modele-de-cv-canadien-ouvrier-de-production-300x214.jpg	200	image/jpeg
20240105211035	https://cameroondeskacademy.com/wp-content/uploads/2023/08/modele-de-cv-canadien-ouvrier-de-production-600x429.jpg	200	image/jpeg
20240105211035	https://cameroondeskacademy.com/wp-content/uploads/2023/08/modele-de-cv-canadien-ouvrier-de-production.jpg	200	image/jpeg
20240105062305	https://cameroondeskacademy.com/wp-content/uploads/2023/08/state-registered-nurses-midwifes-and-health-technicians-competitive-entrance-past-questions-and-answers-212x300.webp	200	image/webp
20240105062306	https://cameroondeskacademy.com/wp-content/uploads/2023/08/state-registered-nurses-midwifes-and-health-technicians-competitive-entrance-past-questions-and-answers.webp	200	image/webp
20240628143134	https://cameroondeskacademy.com/wp-content/uploads/2023/08/TB-Aides-Soignantes-300x240.webp	200	image/webp
20240628143128	https://cameroondeskacademy.com/wp-content/uploads/2023/08/TB-Aides-Soignantes.webp	200	image/webp
20240105210506	https://cameroondeskacademy.com/wp-content/uploads/2023/09/bourses_etude_etudiants_africains_2023_2024-e1695820691261.webp	200	image/webp
20231231095623	https://cameroondeskacademy.com/wp-content/uploads/2023/10/1695918404228-300x166.jpg	200	image/jpeg
20240105211033	https://cameroondeskacademy.com/wp-content/uploads/2023/10/1695918404228-300x200.jpg	200	image/jpeg
20231231064639	https://cameroondeskacademy.com/wp-content/uploads/2023/10/1695918404228-600x332.jpg	200	image/jpeg
20231231065131	https://cameroondeskacademy.com/wp-content/uploads/2023/10/1695918404228-768x425.jpg	200	image/jpeg
20231231073355	https://cameroondeskacademy.com/wp-content/uploads/2023/10/1695918404228.jpg	200	image/jpeg
20231231061315	https://cameroondeskacademy.com/wp-content/uploads/2023/12/anciennes-epreuves-bts-cameroun-300x172.jpg	200	image/jpeg
20240105162348	https://cameroondeskacademy.com/wp-content/uploads/2023/12/anciennes-epreuves-bts-cameroun-300x200.jpg	200	image/jpeg
20231231072708	https://cameroondeskacademy.com/wp-content/uploads/2023/12/anciennes-epreuves-bts-cameroun-600x344.jpg	200	image/jpeg
20231231063547	https://cameroondeskacademy.com/wp-content/uploads/2023/12/anciennes-epreuves-bts-cameroun-768x440.jpg	200	image/jpeg
20231231064410	https://cameroondeskacademy.com/wp-content/uploads/2023/12/anciennes-epreuves-bts-cameroun.jpg	200	image/jpeg
20231231060809	https://cameroondeskacademy.com/wp-content/uploads/2023/12/anciennes-epreuves-corriges-concours-police-camerounaise-a-telecharger-en-ligne-1024x684.webp	200	image/webp
20231231085207	https://cameroondeskacademy.com/wp-content/uploads/2023/12/anciennes-epreuves-corriges-concours-police-camerounaise-a-telecharger-en-ligne-300x200.webp	200	image/webp
20231231062108	https://cameroondeskacademy.com/wp-content/uploads/2023/12/anciennes-epreuves-corriges-concours-police-camerounaise-a-telecharger-en-ligne-600x401.webp	200	image/webp
20231231060914	https://cameroondeskacademy.com/wp-content/uploads/2023/12/anciennes-epreuves-corriges-concours-police-camerounaise-a-telecharger-en-ligne-768x513.webp	200	image/webp
20231231063149	https://cameroondeskacademy.com/wp-content/uploads/2023/12/anciennes-epreuves-corriges-concours-police-camerounaise-a-telecharger-en-ligne.webp	200	image/webp
20231231064649	https://cameroondeskacademy.com/wp-content/uploads/2023/12/application-preparation-guide-police-concours_Plan-de-travail-1-1-212x300.webp	200	image/webp
20231231061945	https://cameroondeskacademy.com/wp-content/uploads/2023/12/application-preparation-guide-police-concours_Plan-de-travail-1-1.webp	200	image/webp
20240105162348	https://cameroondeskacademy.com/wp-content/uploads/2023/12/concours-police-camerounaise-epreuves-gardiens-de-la-paix-300x210.webp	200	image/webp
20240105162352	https://cameroondeskacademy.com/wp-content/uploads/2023/12/concours-police-camerounaise-epreuves-gardiens-de-la-paix.webp	200	image/webp
20240105162349	https://cameroondeskacademy.com/wp-content/uploads/2023/12/concours-police-camerounaise-epreuves-inspecteurs-de-police-300x210.webp	200	image/webp
20240105162348	https://cameroondeskacademy.com/wp-content/uploads/2023/12/concours-police-camerounaise-epreuves-inspecteurs-de-police.webp	200	image/webp
20240105162351	https://cameroondeskacademy.com/wp-content/uploads/2023/12/epreuves-eleves-commissaires-de-police_Plan-de-travail-1-300x210.png	200	image/png
20240105162350	https://cameroondeskacademy.com/wp-content/uploads/2023/12/epreuves-eleves-commissaires-de-police_Plan-de-travail-1.png	200	image/png
20240105162352	https://cameroondeskacademy.com/wp-content/uploads/2023/12/epreuves-eleves-officiers-de-police_Plan-de-travail-1-300x210.png	200	image/png
20240105162353	https://cameroondeskacademy.com/wp-content/uploads/2023/12/epreuves-eleves-officiers-de-police_Plan-de-travail-1.png	200	image/png
20231231072220	https://cameroondeskacademy.com/wp-content/uploads/2023/12/guide-de-constitution-du-dossier-du-concours-de-la-police-212x300.webp	200	image/webp
20231231064306	https://cameroondeskacademy.com/wp-content/uploads/2023/12/guide-de-constitution-du-dossier-du-concours-de-la-police.webp	200	image/webp
20240105162350	https://cameroondeskacademy.com/wp-content/uploads/2023/12/modele-de-demande-commissaire-de-police-300x210.webp	200	image/webp
20240105162351	https://cameroondeskacademy.com/wp-content/uploads/2023/12/modele-de-demande-commissaire-de-police.webp	200	image/webp
20231231061640	https://cameroondeskacademy.com/wp-content/uploads/2023/12/modele-de-demande-d-inscription-au-concours-de-la-police-300x210.webp	200	image/webp
20231231094115	https://cameroondeskacademy.com/wp-content/uploads/2023/12/modele-de-demande-d-inscription-au-concours-de-la-police.webp	200	image/webp
20240105162348	https://cameroondeskacademy.com/wp-content/uploads/2023/12/modele-de-demande-gardiens-de-la-paix-300x210.webp	200	image/webp
20240105162353	https://cameroondeskacademy.com/wp-content/uploads/2023/12/modele-de-demande-gardiens-de-la-paix.webp	200	image/webp
20240105162348	https://cameroondeskacademy.com/wp-content/uploads/2023/12/modele-de-demande-inspecteurs-de-police-300x210.webp	200	image/webp
20240105162350	https://cameroondeskacademy.com/wp-content/uploads/2023/12/modele-de-demande-inspecteurs-de-police.webp	200	image/webp
20240105162352	https://cameroondeskacademy.com/wp-content/uploads/2023/12/modele-de-demande-officiers-de-police-300x210.webp	200	image/webp
20240105162350	https://cameroondeskacademy.com/wp-content/uploads/2023/12/modele-de-demande-officiers-de-police.webp	200	image/webp
20231231064743	https://cameroondeskacademy.com/wp-content/uploads/2023/12/police-competitive-entrance-exam-past-paper-questions-and-corrections-1024x711.webp	200	image/webp
20231231073550	https://cameroondeskacademy.com/wp-content/uploads/2023/12/police-competitive-entrance-exam-past-paper-questions-and-corrections-300x208.webp	200	image/webp
20231231060912	https://cameroondeskacademy.com/wp-content/uploads/2023/12/police-competitive-entrance-exam-past-paper-questions-and-corrections-600x417.webp	200	image/webp
20231231062258	https://cameroondeskacademy.com/wp-content/uploads/2023/12/police-competitive-entrance-exam-past-paper-questions-and-corrections-768x533.webp	200	image/webp
20231231061034	https://cameroondeskacademy.com/wp-content/uploads/2023/12/police-competitive-entrance-exam-past-paper-questions-and-corrections.webp	200	image/webp
20240105162350	https://cameroondeskacademy.com/wp-content/uploads/2023/12/programme-ecp-2024-300x210.webp	200	image/webp
20240105162353	https://cameroondeskacademy.com/wp-content/uploads/2023/12/programme-ecp-2024.webp	200	image/webp
20240105162349	https://cameroondeskacademy.com/wp-content/uploads/2023/12/programme-egpx-2024-300x210.webp	200	image/webp
20240105162351	https://cameroondeskacademy.com/wp-content/uploads/2023/12/programme-egpx-2024.webp	200	image/webp
20240105162349	https://cameroondeskacademy.com/wp-content/uploads/2023/12/programme-eip-2024-300x210.webp	200	image/webp
20240105162352	https://cameroondeskacademy.com/wp-content/uploads/2023/12/programme-eip-2024.webp	200	image/webp
20240105162353	https://cameroondeskacademy.com/wp-content/uploads/2023/12/programme-eop-2024-300x210.webp	200	image/webp
20240105162348	https://cameroondeskacademy.com/wp-content/uploads/2023/12/programme-eop-2024.webp	200	image/webp
20240628153803	https://cameroondeskacademy.com/wp-content/uploads/2024/04/anciennes-epreuves-corriges-concours-nasla-cameroun-300x169.jpg	200	image/jpeg
20240628143212	https://cameroondeskacademy.com/wp-content/uploads/2024/04/anciennes-epreuves-corriges-concours-nasla-cameroun-300x200.jpg	200	image/jpeg
20240628153817	https://cameroondeskacademy.com/wp-content/uploads/2024/04/anciennes-epreuves-corriges-concours-nasla-cameroun-600x338.jpg	200	image/jpeg
20240628153812	https://cameroondeskacademy.com/wp-content/uploads/2024/04/anciennes-epreuves-corriges-concours-nasla-cameroun-768x433.jpg	200	image/jpeg
20240628153812	https://cameroondeskacademy.com/wp-content/uploads/2024/04/anciennes-epreuves-corriges-concours-nasla-cameroun.jpg	200	image/jpeg
20240628153759	https://cameroondeskacademy.com/wp-content/uploads/2024/05/cover_modele_lettres-255x300.png	200	image/png
20240628153825	https://cameroondeskacademy.com/wp-content/uploads/2024/05/cover_modele_lettres-600x706.png	200	image/png
20240628153816	https://cameroondeskacademy.com/wp-content/uploads/2024/05/cover_modele_lettres.png	200	image/png
20240628153809	https://cameroondeskacademy.com/wp-content/uploads/2024/05/entretien-d-embauche-questions-reponses-212x300.png	200	image/png
20240628153809	https://cameroondeskacademy.com/wp-content/uploads/2024/05/entretien-d-embauche-questions-reponses.png	200	image/png
20240628193654	https://cameroondeskacademy.com/wp-content/uploads/2024/05/modeles-de-lettres-de-motivation-100x100.jpg	200	image/jpeg
20240628153803	https://cameroondeskacademy.com/wp-content/uploads/2024/05/modeles-de-lettres-de-motivation-150x150.jpg	200	image/jpeg
20240628153803	https://cameroondeskacademy.com/wp-content/uploads/2024/05/modeles-de-lettres-de-motivation.jpg	200	image/jpeg
20240628153829	https://cameroondeskacademy.com/wp-content/uploads/2024/05/resultats-loterie-americaine-dv-2025-300x171.jpg	200	image/jpeg
20240628143129	https://cameroondeskacademy.com/wp-content/uploads/2024/06/Concours-dentree-dans-les-ENIEG-publiques-du-Cameroun-300x200.jpg	200	image/jpeg
20240628153840	https://cameroondeskacademy.com/wp-content/uploads/2024/06/Concours-dentree-dans-les-ENIEG-publiques-du-Cameroun-300x210.jpg	200	image/jpeg
20240628153818	https://cameroondeskacademy.com/wp-content/uploads/2024/06/Concours-dentree-dans-les-ENIEG-publiques-du-Cameroun-600x420.jpg	200	image/jpeg
20240628143133	https://cameroondeskacademy.com/wp-content/uploads/2024/06/epreuve-examen-national-medecine-cameroun-300x200.jpg	200	image/jpeg
20240628153825	https://cameroondeskacademy.com/wp-content/uploads/2024/06/epreuve-examen-national-medecine-cameroun-300x210.jpg	200	image/jpeg
20240628153818	https://cameroondeskacademy.com/wp-content/uploads/2024/06/epreuve-examen-national-medecine-cameroun.jpg	200	image/jpeg
20241123053331	https://cameroondeskacademy.com/wp-content/uploads/2024/08/anciennes-epreuves-concours-douanes-_1_-100x100.webp	200	image/webp
20241123050647	https://cameroondeskacademy.com/wp-content/uploads/2024/08/anciennes-epreuves-concours-douanes-_1_-150x150.webp	200	image/webp
20241123044553	https://cameroondeskacademy.com/wp-content/uploads/2024/08/anciennes-epreuves-concours-douanes-_1_-300x300.webp	200	image/webp
20241123050858	https://cameroondeskacademy.com/wp-content/uploads/2024/08/anciennes-epreuves-concours-douanes-_1_.webp	200	image/webp
20241123050441	https://cameroondeskacademy.com/wp-content/uploads/2024/08/medecine-past-questions-100x100.jpeg	200	image/jpeg
20241123044720	https://cameroondeskacademy.com/wp-content/uploads/2024/08/medecine-past-questions-150x150.jpeg	200	image/jpeg
20241123050005	https://cameroondeskacademy.com/wp-content/uploads/2024/08/medecine-past-questions-300x300.jpeg	200	image/jpeg
20241123044728	https://cameroondeskacademy.com/wp-content/uploads/2024/08/medecine-past-questions.jpeg	200	image/jpeg
20241123061644	https://cameroondeskacademy.com/wp-content/uploads/2024/09/anciennes-epreuves-concours-enstmo-100x100.webp	200	image/webp
20241123044613	https://cameroondeskacademy.com/wp-content/uploads/2024/09/anciennes-epreuves-concours-enstmo-150x150.webp	200	image/webp
20241123053546	https://cameroondeskacademy.com/wp-content/uploads/2024/09/anciennes-epreuves-concours-enstmo-300x300.webp	200	image/webp
20241123055147	https://cameroondeskacademy.com/wp-content/uploads/2024/09/anciennes-epreuves-concours-enstmo.webp	200	image/webp
20241123045949	https://cameroondeskacademy.com/wp-content/uploads/2024/09/anciennes-epreuves-concours-estlc-ambam-100x100.webp	200	image/webp
20241123044711	https://cameroondeskacademy.com/wp-content/uploads/2024/09/anciennes-epreuves-concours-estlc-ambam-150x150.webp	200	image/webp
20241123044510	https://cameroondeskacademy.com/wp-content/uploads/2024/09/anciennes-epreuves-concours-estlc-ambam-300x300.webp	200	image/webp
20241123051029	https://cameroondeskacademy.com/wp-content/uploads/2024/09/anciennes-epreuves-concours-estlc-ambam.webp	200	image/webp
20241123045403	https://cameroondeskacademy.com/wp-content/uploads/2024/09/anciennes-epreuves-concours-fonction-publique-cameroun-287x300.webp	200	image/webp
20241123053432	https://cameroondeskacademy.com/wp-content/uploads/2024/09/anciennes-epreuves-concours-fonction-publique-cameroun.webp	200	image/webp
20240628143158	https://cameroondeskacademy.com/wp-content/uploads/avatars/10/5c14e2d02b494-bpfull.png	200	image/png
20240628143218	https://cameroondeskacademy.com/wp-content/uploads/avatars/755/5dfa35a695f43-bpfull.jpg	200	image/jpeg
20231231060905	https://cameroondeskacademy.com/wp-content/uploads/learn-press-profile/1/4f9379c1cd5ef8b50ce1336a6f9e83f3.jpg	200	image/jpeg
20240105222614	https://cameroondeskacademy.com/wp-content/uploads/revslider/home-page35/top-slider.jpg	200	image/jpeg
20240628143115	https://cameroondeskacademy.com/wp-content/uploads/thim-fonts/roboto/KFOmCnqEu92Fr1Mu4mxKKTU1Kg.woff2	200	font/woff2
20240628174224	https://cameroondeskacademy.com/wp-content/uploads/thim-fonts/roboto/KFOmCnqEu92Fr1Mu4WxKKTU1Kvnz.woff2	200	font/woff2
20240628174227	https://cameroondeskacademy.com/wp-content/uploads/thim-fonts/roboto/KFOmCnqEu92Fr1Mu5mxKKTU1Kvnz.woff2	200	font/woff2
20240628174228	https://cameroondeskacademy.com/wp-content/uploads/thim-fonts/roboto/KFOmCnqEu92Fr1Mu72xKKTU1Kvnz.woff2	200	font/woff2
20240628143153	https://cameroondeskacademy.com/wp-content/uploads/thim-fonts/roboto/KFOmCnqEu92Fr1Mu7GxKKTU1Kvnz.woff2	200	font/woff2
20240628174227	https://cameroondeskacademy.com/wp-content/uploads/thim-fonts/roboto/KFOmCnqEu92Fr1Mu7mxKKTU1Kvnz.woff2	200	font/woff2
20240628174227	https://cameroondeskacademy.com/wp-content/uploads/thim-fonts/roboto/KFOmCnqEu92Fr1Mu7WxKKTU1Kvnz.woff2	200	font/woff2
20240628174226	https://cameroondeskacademy.com/wp-content/uploads/thim-fonts/robotoslab/BngMUXZYTXPIvIBgJJSb6ufA5qWr4xCCQ_k.woff2	200	font/woff2
20240628174228	https://cameroondeskacademy.com/wp-content/uploads/thim-fonts/robotoslab/BngMUXZYTXPIvIBgJJSb6ufB5qWr4xCCQ_k.woff2	200	font/woff2
20240628174226	https://cameroondeskacademy.com/wp-content/uploads/thim-fonts/robotoslab/BngMUXZYTXPIvIBgJJSb6ufC5qWr4xCCQ_k.woff2	200	font/woff2
20240628174229	https://cameroondeskacademy.com/wp-content/uploads/thim-fonts/robotoslab/BngMUXZYTXPIvIBgJJSb6ufD5qWr4xCCQ_k.woff2	200	font/woff2
20240628174227	https://cameroondeskacademy.com/wp-content/uploads/thim-fonts/robotoslab/BngMUXZYTXPIvIBgJJSb6ufJ5qWr4xCCQ_k.woff2	200	font/woff2
20240628143106	https://cameroondeskacademy.com/wp-content/uploads/thim-fonts/robotoslab/BngMUXZYTXPIvIBgJJSb6ufN5qWr4xCC.woff2	200	font/woff2
20240628174227	https://cameroondeskacademy.com/wp-content/uploads/thim-fonts/robotoslab/BngMUXZYTXPIvIBgJJSb6ufO5qWr4xCCQ_k.woff2	200	font/woff2
20231231200105	https://cameroondeskacademy.com/wp-includes/css/buttons.min.css	200	text/css
20231231071940	https://cameroondeskacademy.com/wp-includes/css/buttons.min.css?ver=6.1.4	200	text/css
20231231062834	https://cameroondeskacademy.com/wp-includes/css/classic-themes.min.css	200	text/css
20231231072929	https://cameroondeskacademy.com/wp-includes/css/classic-themes.min.css?ver=1	200	text/css
20231231082019	https://cameroondeskacademy.com/wp-includes/css/dashicons.min.css	200	text/css
20231231070021	https://cameroondeskacademy.com/wp-includes/css/dashicons.min.css?ver=6.1.4	200	text/css
20231231063238	https://cameroondeskacademy.com/wp-includes/css/dist/block-library/style.min.css	200	text/css
20231231064917	https://cameroondeskacademy.com/wp-includes/css/dist/block-library/style.min.css?ver=6.1.4	200	text/css
20240628174228	https://cameroondeskacademy.com/wp-includes/css/dist/block-library/style.min.css?ver=6.5.5	200	text/css
20241123033502	https://cameroondeskacademy.com/wp-includes/css/dist/block-library/style.min.css?ver=6.7.1	200	text/css
20250917153331	https://cameroondeskacademy.com/wp-includes/js/comment-reply.min.js	200	application/javascript
20230204213810	https://cameroondeskacademy.com/wp-includes/js/comment-reply.min.js?ver=6.1	200	application/javascript
20240105162348	https://cameroondeskacademy.com/wp-includes/js/comment-reply.min.js?ver=6.1.4	200	application/javascript
20250917153610	https://cameroondeskacademy.com/wp-includes/js/comment-reply.min.js?ver=6.8.2	200	application/javascript
20240105222613	https://cameroondeskacademy.com/wp-includes/js/dist/api-fetch.js	200	application/javascript
20231231095427	https://cameroondeskacademy.com/wp-includes/js/dist/api-fetch.min.js	200	application/javascript
20250917161423	https://cameroondeskacademy.com/wp-includes/js/dist/api-fetch.min.js?ver=3623a576c78df404ff20	200	application/javascript
20230206020207	https://cameroondeskacademy.com/wp-includes/js/dist/api-fetch.min.js?ver=bc0029ca2c943aec5311	200	application/javascript
20250917155503	https://cameroondeskacademy.com/wp-includes/js/dist/compose.min.js	200	application/javascript
20230129141636	https://cameroondeskacademy.com/wp-includes/js/dist/compose.min.js?ver=37228270687b2a94e518	200	application/javascript
20250917152346	https://cameroondeskacademy.com/wp-includes/js/dist/compose.min.js?ver=84bcf832a5c99203f3db	200	application/javascript
20250917153249	https://cameroondeskacademy.com/wp-includes/js/dist/data.min.js	200	application/javascript
20230206020211	https://cameroondeskacademy.com/wp-includes/js/dist/data.min.js?ver=d8cf5b24f99c64ae47d6	200	application/javascript
20250917150758	https://cameroondeskacademy.com/wp-includes/js/dist/data.min.js?ver=fe6c4835cd00e12493c3	200	application/javascript
20250917152625	https://cameroondeskacademy.com/wp-includes/js/dist/deprecated.min.js	200	application/javascript
20230204132239	https://cameroondeskacademy.com/wp-includes/js/dist/deprecated.min.js?ver=6c963cb9494ba26b77eb	200	application/javascript
20250917162744	https://cameroondeskacademy.com/wp-includes/js/dist/deprecated.min.js?ver=e1f84915c5e8ae38964c	200	application/javascript
20250917152427	https://cameroondeskacademy.com/wp-includes/js/dist/dom.min.js	200	application/javascript
20240106004610	https://cameroondeskacademy.com/wp-includes/js/dist/dom.min.js?ver=133a042fbbef48f38107	200	application/javascript
20250917154001	https://cameroondeskacademy.com/wp-includes/js/dist/dom.min.js?ver=80bd57c84b45cf04f4ce	200	application/javascript
20250917150558	https://cameroondeskacademy.com/wp-includes/js/dist/element.min.js	200	application/javascript
20230206015503	https://cameroondeskacademy.com/wp-includes/js/dist/element.min.js?ver=47162ff4492c7ec4956b	200	application/javascript
20250917154140	https://cameroondeskacademy.com/wp-includes/js/dist/element.min.js?ver=a4eeeadd23c0d7ab1d2d	200	application/javascript
20250917173350	https://cameroondeskacademy.com/wp-includes/js/dist/escape-html.min.js	200	application/javascript
20230202011326	https://cameroondeskacademy.com/wp-includes/js/dist/escape-html.min.js?ver=03e27a7b6ae14f7afaa6	200	application/javascript
20250917154100	https://cameroondeskacademy.com/wp-includes/js/dist/escape-html.min.js?ver=6561a406d2d232a6fbd2	200	application/javascript
20231231061230	https://cameroondeskacademy.com/wp-includes/js/dist/hooks.min.js	200	application/javascript
20230204150806	https://cameroondeskacademy.com/wp-includes/js/dist/hooks.min.js?ver=4169d3cf8e8d95a3d6d5	200	application/javascript
20250917150717	https://cameroondeskacademy.com/wp-includes/js/dist/hooks.min.js?ver=4d63a3d491d11ffd8ac6	200	application/javascript
20231231054514	https://cameroondeskacademy.com/wp-includes/js/dist/i18n.min.js	200	application/javascript
20250917154542	https://cameroondeskacademy.com/wp-includes/js/dist/i18n.min.js?ver=5e580eb46a90c2b997e6	200	application/javascript
20230204131405	https://cameroondeskacademy.com/wp-includes/js/dist/i18n.min.js?ver=9e794f35a71bb98672ae	200	application/javascript
20250917154150	https://cameroondeskacademy.com/wp-includes/js/dist/is-shallow-equal.min.js	200	application/javascript
20230204213810	https://cameroondeskacademy.com/wp-includes/js/dist/is-shallow-equal.min.js?ver=20c2b06ecf04afb14fee	200	application/javascript
20250917154227	https://cameroondeskacademy.com/wp-includes/js/dist/is-shallow-equal.min.js?ver=e0f9f1d78d83f5196979	200	application/javascript
20250917150807	https://cameroondeskacademy.com/wp-includes/js/dist/keycodes.min.js	200	application/javascript
20250917160032	https://cameroondeskacademy.com/wp-includes/js/dist/keycodes.min.js?ver=034ff647a54b018581d3	200	application/javascript
20230204211702	https://cameroondeskacademy.com/wp-includes/js/dist/keycodes.min.js?ver=6e0aadc0106bd8aadc89	200	application/javascript
20250917162559	https://cameroondeskacademy.com/wp-includes/js/dist/priority-queue.min.js	200	application/javascript
20230204130359	https://cameroondeskacademy.com/wp-includes/js/dist/priority-queue.min.js?ver=99e325da95c5a35c7dc2	200	application/javascript
20250917151206	https://cameroondeskacademy.com/wp-includes/js/dist/priority-queue.min.js?ver=9c21c957c7e50ffdbf48	200	application/javascript
20250917155112	https://cameroondeskacademy.com/wp-includes/js/dist/private-apis.min.js	200	application/javascript
20250917151439	https://cameroondeskacademy.com/wp-includes/js/dist/private-apis.min.js?ver=0f8478f1ba7e0eea562b	200	application/javascript
20250917151550	https://cameroondeskacademy.com/wp-includes/js/dist/redux-routine.min.js	200	application/javascript
20250917155952	https://cameroondeskacademy.com/wp-includes/js/dist/redux-routine.min.js?ver=8bb92d45458b29590f53	200	application/javascript
20230204145011	https://cameroondeskacademy.com/wp-includes/js/dist/redux-routine.min.js?ver=c9ea6c0df793258797e6	200	application/javascript
20231231064022	https://cameroondeskacademy.com/wp-includes/js/dist/url.min.js	200	application/javascript
20230204132251	https://cameroondeskacademy.com/wp-includes/js/dist/url.min.js?ver=bb0ef862199bcae73aa7	200	application/javascript
20250917173036	https://cameroondeskacademy.com/wp-includes/js/dist/url.min.js?ver=c2964167dfe2477c14ea	200	application/javascript
20250917171228	https://cameroondeskacademy.com/wp-includes/js/dist/vendor/lodash.min.js	200	application/javascript
20230204132251	https://cameroondeskacademy.com/wp-includes/js/dist/vendor/lodash.min.js?ver=4.17.19	200	application/javascript
20250917150849	https://cameroondeskacademy.com/wp-includes/js/dist/vendor/lodash.min.js?ver=4.17.21	200	application/javascript
20250917180420	https://cameroondeskacademy.com/wp-includes/js/dist/vendor/react-dom.min.js	200	application/javascript
20230204130359	https://cameroondeskacademy.com/wp-includes/js/dist/vendor/react-dom.min.js?ver=17.0.1	200	application/javascript
20250917164949	https://cameroondeskacademy.com/wp-includes/js/dist/vendor/react-dom.min.js?ver=18.3.1.1	200	application/javascript
20250917154122	https://cameroondeskacademy.com/wp-includes/js/dist/vendor/react-jsx-runtime.min.js	200	application/javascript
20250917161428	https://cameroondeskacademy.com/wp-includes/js/dist/vendor/react-jsx-runtime.min.js?ver=18.3.1	200	application/javascript
20250917150907	https://cameroondeskacademy.com/wp-includes/js/dist/vendor/react.min.js	200	application/javascript
20230205053206	https://cameroondeskacademy.com/wp-includes/js/dist/vendor/react.min.js?ver=17.0.1	200	application/javascript
20250917150849	https://cameroondeskacademy.com/wp-includes/js/dist/vendor/react.min.js?ver=18.3.1.1	200	application/javascript
20231231065853	https://cameroondeskacademy.com/wp-includes/js/dist/vendor/regenerator-runtime.min.js	200	application/javascript
20230204131406	https://cameroondeskacademy.com/wp-includes/js/dist/vendor/regenerator-runtime.min.js?ver=0.13.9	200	application/javascript
20231231070836	https://cameroondeskacademy.com/wp-includes/js/dist/vendor/wp-polyfill.min.js	200	application/javascript
20230204132252	https://cameroondeskacademy.com/wp-includes/js/dist/vendor/wp-polyfill.min.js?ver=3.15.0	200	application/javascript
20231231055259	https://cameroondeskacademy.com/wp-includes/js/imagesloaded.min.js	200	application/javascript
20230131171227	https://cameroondeskacademy.com/wp-includes/js/imagesloaded.min.js?ver=4.1.4	200	application/javascript
20250917171137	https://cameroondeskacademy.com/wp-includes/js/imagesloaded.min.js?ver=5.0.0	200	application/javascript
20231231065048	https://cameroondeskacademy.com/wp-includes/js/jquery/jquery-migrate.min.js	200	application/javascript
20230204145635	https://cameroondeskacademy.com/wp-includes/js/jquery/jquery-migrate.min.js?ver=3.3.2	200	application/javascript
20240628143211	https://cameroondeskacademy.com/wp-includes/js/jquery/jquery-migrate.min.js?ver=3.4.1	200	application/javascript
20231231080733	https://cameroondeskacademy.com/wp-includes/js/jquery/jquery.min.js	200	application/javascript
20230204132242	https://cameroondeskacademy.com/wp-includes/js/jquery/jquery.min.js?ver=3.6.1	200	application/javascript
20240628143109	https://cameroondeskacademy.com/wp-includes/js/jquery/jquery.min.js?ver=3.7.1	200	application/javascript
20240105162353	https://cameroondeskacademy.com/wp-includes/js/jquery/ui/core.min.js?ver=1.13.2	200	application/javascript
20231231061437	https://cameroondeskacademy.com/wp-includes/js/underscore.min.js	200	application/javascript
20230131171227	https://cameroondeskacademy.com/wp-includes/js/underscore.min.js?ver=1.13.4	200	application/javascript
20250917152915	https://cameroondeskacademy.com/wp-includes/js/underscore.min.js?ver=1.13.7	200	application/javascript
20231231090640	https://cameroondeskacademy.com/wp-includes/js/utils.min.js	200	application/javascript
20230204132241	https://cameroondeskacademy.com/wp-includes/js/utils.min.js?ver=6.1	200	application/javascript
20230721215924	https://cameroondeskacademy.com/wp-includes/js/utils.min.js?ver=6.1.3	200	application/javascript
20231231061010	https://cameroondeskacademy.com/wp-includes/js/utils.min.js?ver=6.1.4	200	application/javascript
20240319134011	https://cameroondeskacademy.com/wp-includes/js/utils.min.js?ver=6.1.5	200	application/javascript
20250917161604	https://cameroondeskacademy.com/wp-includes/js/utils.min.js?ver=6.8.2	200	application/javascript
20231231082414	https://cameroondeskacademy.com/wp-includes/js/wp-util.min.js	200	application/javascript
20231231072611	https://cameroondeskacademy.com/wp-includes/js/wp-util.min.js?ver=6.1.4	200	application/javascript
20231231084439	https://cameroondeskacademy.com/wp-includes/js/zxcvbn-async.min.js	200	application/javascript
20231231065004	https://cameroondeskacademy.com/wp-includes/js/zxcvbn-async.min.js?ver=1.0	200	application/javascript
20180807180626	http://cameroondeskacademy.com:80/wp-includes/wlwmanifest.xml	200	application/xml
20180808102736	http://cameroondeskacademy.com:80/wp-json/	200	application/json
20180807180632	http://cameroondeskacademy.com:80/wp-json/contact-form-7/v1	200	application/json
20180807180642	http://cameroondeskacademy.com:80/wp-json/oembed/1.0/embed?url=http://cameroondeskacademy.com/&format=xml	200	text/xml
20180828101330	http://cameroondeskacademy.com:80/wp-json/oembed/1.0/embed?url=http://cameroondeskacademy.com/a-propos/&format=xml	200	text/xml
20181128140627	http://cameroondeskacademy.com:80/wp-json/oembed/1.0/embed?url=http://cameroondeskacademy.com/about-us/&format=xml	200	text/xml
20180807224045	http://cameroondeskacademy.com:80/wp-json/oembed/1.0/embed?url=http://cameroondeskacademy.com/bibliotheque/&format=xml	200	text/xml
20180828101335	http://cameroondeskacademy.com:80/wp-json/oembed/1.0/embed?url=http://cameroondeskacademy.com/contacts/&format=xml	200	text/xml
20180807224220	http://cameroondeskacademy.com:80/wp-json/oembed/1.0/embed?url=http://cameroondeskacademy.com/cours/&format=xml	200	text/xml
20181007143211	http://cameroondeskacademy.com:80/wp-json/oembed/1.0/embed?url=http://cameroondeskacademy.com/course/become-a-php-master-and-make-money-fast/&format=xml	200	text/xml
20181108134227	http://cameroondeskacademy.com:80/wp-json/oembed/1.0/embed?url=http://cameroondeskacademy.com/course/learnpress-101/&format=xml	200	text/xml
20181102054329	http://cameroondeskacademy.com:80/wp-json/oembed/1.0/embed?url=http://cameroondeskacademy.com/faqs/&format=xml	200	text/xml
20181203003439	http://cameroondeskacademy.com:80/wp-json/oembed/1.0/embed?url=http://cameroondeskacademy.com/gallery/&format=xml	200	text/xml
20180807180637	http://cameroondeskacademy.com:80/wp-json/oembed/1.0/embed?url=http://cameroondeskacademy.com/	200	application/json
20180828101259	http://cameroondeskacademy.com:80/wp-json/oembed/1.0/embed?url=http://cameroondeskacademy.com/a-propos/	200	application/json
20181128140604	http://cameroondeskacademy.com:80/wp-json/oembed/1.0/embed?url=http://cameroondeskacademy.com/about-us/	200	application/json
20180807223916	http://cameroondeskacademy.com:80/wp-json/oembed/1.0/embed?url=http://cameroondeskacademy.com/bibliotheque/	200	application/json
20180828101305	http://cameroondeskacademy.com:80/wp-json/oembed/1.0/embed?url=http://cameroondeskacademy.com/contacts/	200	application/json
20180807224148	http://cameroondeskacademy.com:80/wp-json/oembed/1.0/embed?url=http://cameroondeskacademy.com/cours/	200	application/json
20181007143144	http://cameroondeskacademy.com:80/wp-json/oembed/1.0/embed?url=http://cameroondeskacademy.com/course/become-a-php-master-and-make-money-fast/	200	application/json
20181108134225	http://cameroondeskacademy.com:80/wp-json/oembed/1.0/embed?url=http://cameroondeskacademy.com/course/learnpress-101/	200	application/json
20181102054313	http://cameroondeskacademy.com:80/wp-json/oembed/1.0/embed?url=http://cameroondeskacademy.com/faqs/	200	application/json
20181203003544	http://cameroondeskacademy.com:80/wp-json/oembed/1.0/embed?url=http://cameroondeskacademy.com/gallery/	200	application/json
20240319135445	https://cameroondeskacademy.com/wp-json/wp/v2/categories/3626	200	application/json
20240628174224	https://cameroondeskacademy.com/wp-json/wp/v2/course_category/2518	200	application/json
20250917151521	https://cameroondeskacademy.com/wp-json/wp/v2/lp_course/11651	200	application/json
20230204132251	https://cameroondeskacademy.com/wp-json/wp/v2/lp_course/9692	200	application/json
20240628143220	https://cameroondeskacademy.com/wp-json/wp/v2/pages/8309	200	application/json
20240628143337	https://cameroondeskacademy.com/wp-json/wp/v2/pages/8310	200	application/json
20240628163102	https://cameroondeskacademy.com/wp-json/wp/v2/pages/8311	200	application/json
20230721221426	https://cameroondeskacademy.com/wp-json/wp/v2/posts/36323	200	application/json
20240628143122	https://cameroondeskacademy.com/wp-json/wp/v2/posts/37277	200	application/json
20180807180707	http://cameroondeskacademy.com:80/wp-login.php	200	text/html
20231231064402	https://cameroondeskacademy.com/wp-login.php?redirect_to=https%3A%2F%2Fcameroondeskacademy.com%2Fwp-admin%2F&reauth=1	200	text/html
20180828101340	http://cameroondeskacademy.com:80/wp-login.php?redirect_to=http://cameroondeskacademy.com/a-propos/	200	text/html
20180828101310	http://cameroondeskacademy.com:80/wp-login.php?redirect_to=http://cameroondeskacademy.com/contacts/	200	text/html
20180828101315	http://cameroondeskacademy.com:80/wp-login.php?redirect_to=http://cameroondeskacademy.com/course/formation-archicad-perfectionnement	200	text/html
20180828101346	http://cameroondeskacademy.com:80/wp-login.php?redirect_to=http://cameroondeskacademy.com/course/sample-course	200	text/html
20180807180712	http://cameroondeskacademy.com:80/xmlrpc.php?rsd	200	text/xml
