Mathématique ENSP 2000.pdf	https://drive.google.com/uc?export=download&id=1sVCY20uF21j3YfzSPmkm5Tx-__1IjIEH	https://concourscameroon.com/anciennes-epreuves-de-mathematique-du_13.html
Mathématique ENSP 2001.pdf	https://drive.google.com/uc?export=download&id=1Ul_UVaf_JomqDQONGQGvdCx3NUpu3iH-	https://concourscameroon.com/anciennes-epreuves-de-mathematique-du_13.html
Mathématique ENSP 2002.pdf	https://drive.google.com/uc?export=download&id=1AN63srqo9yoDWC-kUBX3c8uGCAxlql8a	https://concourscameroon.com/anciennes-epreuves-de-mathematique-du_13.html
Mathématique ENSP 2003.pdf	https://drive.google.com/uc?export=download&id=1IW3EHKd6nuVYyZFfMIokL2JeBt6EBs7R	https://concourscameroon.com/anciennes-epreuves-de-mathematique-du_13.html
Mathématique ENSP 2004.pdf	https://drive.google.com/uc?export=download&id=1fyh4GT5uCwyNyGtKzkkrGXz1h1biURhb	https://concourscameroon.com/anciennes-epreuves-de-mathematique-du_13.html
Mathématique 1 ENSP 2005.pdf	https://drive.google.com/uc?export=download&id=1lb-ITbME50AmqJyomcTFrmerqSrU4TQb	https://concourscameroon.com/anciennes-epreuves-de-mathematique-du_13.html
Mathématique 2 ENSP 2005.pdf	https://drive.google.com/uc?export=download&id=17Rtagf6Cq9BiT2Lkhq8nmWXZC_WwNbh7	https://concourscameroon.com/anciennes-epreuves-de-mathematique-du_13.html
Mathématique ENSP 2006.pdf	https://drive.google.com/uc?export=download&id=1RzngPS52Gb6K1eZG-icj69dgemN3C6Xu	https://concourscameroon.com/anciennes-epreuves-de-mathematique-du_13.html
Mathématique ENSP 2007.pdf	https://drive.google.com/uc?export=download&id=1fk103xgDKx4x8Ip_G6zy8_6cMgemp-0d	https://concourscameroon.com/anciennes-epreuves-de-mathematique-du_13.html
Mathématique ENSP 2008.pdf	https://drive.google.com/uc?export=download&id=1IeRhCebGwXRtuEVOF7z0CFdAYUcQBBbi	https://concourscameroon.com/anciennes-epreuves-de-mathematique-du_13.html
Mathématique ENSP 2009.pdf	https://drive.google.com/uc?export=download&id=1oCcjozOn85fQL2NWVUQHDIlya9StTOmE	https://concourscameroon.com/anciennes-epreuves-de-mathematique-du_13.html
Mathématique ENSP 2010.pdf	https://drive.google.com/uc?export=download&id=1_q_8mbIVaSVcr55aW3uz9Bo2ULDkZdER	https://concourscameroon.com/anciennes-epreuves-de-mathematique-du_13.html
Mathématique ENSP 2011.pdf	https://drive.google.com/uc?export=download&id=1HIU9mjMx6U0v8ROcavohxXwOTzeYIvr-	https://concourscameroon.com/anciennes-epreuves-de-mathematique-du_13.html
Mathématique ENSP 2012.pdf	https://drive.google.com/uc?export=download&id=1dWaP0ttJl1VQhypzA-5np8xNPxyo8Hzk	https://concourscameroon.com/anciennes-epreuves-de-mathematique-du_13.html
Physique ENSP 2000.pdf	https://drive.google.com/uc?export=download&id=18zim3R5xSoV3HvR80xPhMQkMxO_yY3j5	https://concourscameroon.com/anciennes-epreuves-de-physique-du-2.html
Physique ENSP 2002.pdf	https://drive.google.com/uc?export=download&id=1BluaMoZT5HsOGN1S7GTe0P1L3hpRk6-s	https://concourscameroon.com/anciennes-epreuves-de-physique-du-2.html
Physique ENSP 2003.pdf	https://drive.google.com/uc?export=download&id=1lG6MlXsIVAVqHcBbjoUkYdLbXhfWPRDs	https://concourscameroon.com/anciennes-epreuves-de-physique-du-2.html
Physique ENSP 2004.pdf	https://drive.google.com/uc?export=download&id=15rl4Kqy2dF0fyW92OF-nRPqJ5700vfru	https://concourscameroon.com/anciennes-epreuves-de-physique-du-2.html
Physique 1 ENSP 2005.pdf	https://drive.google.com/uc?export=download&id=1082O3HKzFmPj0Ds_7y5X1dAP_JW47IvA	https://concourscameroon.com/anciennes-epreuves-de-physique-du-2.html
Physique 2 ENSP 2005.pdf	https://drive.google.com/uc?export=download&id=1Xx668eitW_iAwY7a5ZvYum-mTWe-6mJm	https://concourscameroon.com/anciennes-epreuves-de-physique-du-2.html
Physique ENSP 2006.pdf	https://drive.google.com/uc?export=download&id=1m9FZGYC5srq6etKQudKjhVZdwHOCX-Ig	https://concourscameroon.com/anciennes-epreuves-de-physique-du-2.html
Physique ENSP 2007.pdf	https://drive.google.com/uc?export=download&id=1ndlxoXiod7fdWQliXXHV7444K6IZWn0b	https://concourscameroon.com/anciennes-epreuves-de-physique-du-2.html
Physique ENSP 2008.pdf	https://drive.google.com/uc?export=download&id=1f3D5_KuGh_a_h7Mbip5hyBlmGRSPpDB_	https://concourscameroon.com/anciennes-epreuves-de-physique-du-2.html
Physique ENSP 2009.pdf	https://drive.google.com/uc?export=download&id=1HpIcpgyywPSsh6JrOstAsjzl5ckfAa59	https://concourscameroon.com/anciennes-epreuves-de-physique-du-2.html
Physique ENSP 2010.pdf	https://drive.google.com/uc?export=download&id=1BetKbzb4I3BR0xsrHqULwiMFJAiCQRgY	https://concourscameroon.com/anciennes-epreuves-de-physique-du-2.html
Physique ENSP 2011.pdf	https://drive.google.com/uc?export=download&id=1DDcf3K5wn-_GCa4PHKHSuAfj8wA1c-VO	https://concourscameroon.com/anciennes-epreuves-de-physique-du-2.html
Physique ENSP 2012.pdf	https://drive.google.com/uc?export=download&id=1aReZ9zGVSL3JbyNv6mA3bxqb2ZXT4-9v	https://concourscameroon.com/anciennes-epreuves-de-physique-du-2.html
Physique ENSP 2013.pdf	https://drive.google.com/uc?export=download&id=1Dp6lgAvGUGVV-bpYVkoIo9chdVp_V94m	https://concourscameroon.com/anciennes-epreuves-de-physique-du-2.html
Physique 1 ENSP 2014.pdf	https://drive.google.com/uc?export=download&id=1s7HHXhhBLqBarpgnR_qXr-BJLeio1W0L	https://concourscameroon.com/anciennes-epreuves-de-physique-du-2.html
Physique 2 ENSP 2014.pdf	https://drive.google.com/uc?export=download&id=1zgS5DhvEc_n9nPptbCPHGzDZK4LeN79J	https://concourscameroon.com/anciennes-epreuves-de-physique-du-2.html
Mathématique 1 ENSP 2001.pdf	https://drive.google.com/uc?export=download&id=14GrXmN1tItxgogJR_d9RuNv0d8NtyDVS	https://concourscameroon.com/anciennes-epreuves-de-mathematique-du-2.html
Mathématique 2 ENSP 2001.pdf	https://drive.google.com/uc?export=download&id=1WpdtoEOncKdlVHo1bFxpisUEFG-kEYoz	https://concourscameroon.com/anciennes-epreuves-de-mathematique-du-2.html
Mathématique 1 ENSP 2002.pdf	https://drive.google.com/uc?export=download&id=1EwOYSMeI8wYdHNgU91YQV1fTEe5EfbIH	https://concourscameroon.com/anciennes-epreuves-de-mathematique-du-2.html
Mathématique 2 ENSP 2002.pdf	https://drive.google.com/uc?export=download&id=173A0r_mHgr5G6E14FIB4_bnItfDak-wc	https://concourscameroon.com/anciennes-epreuves-de-mathematique-du-2.html
Mathématique ENSP 2003.pdf	https://drive.google.com/uc?export=download&id=1HX4eFfTxCb5H7B6a2EBb7K98Suj_Z-EC	https://concourscameroon.com/anciennes-epreuves-de-mathematique-du-2.html
Mathématique ENSP 2004.pdf	https://drive.google.com/uc?export=download&id=1sYDo_azw9Roko8i-h2WJwoh_RBL9Yr7A	https://concourscameroon.com/anciennes-epreuves-de-mathematique-du-2.html
Mathématique ENSP 2006.pdf	https://drive.google.com/uc?export=download&id=1dW5F5rNDGs5EDZaEWb7MjZOJ-sRxWmqQ	https://concourscameroon.com/anciennes-epreuves-de-mathematique-du-2.html
Mathématique ENSP 2007.pdf	https://drive.google.com/uc?export=download&id=1-DQqGaeUWa_BEzFOjp13aIGo6oDz3_1B	https://concourscameroon.com/anciennes-epreuves-de-mathematique-du-2.html
Mathématique ENSP 2008.pdf	https://drive.google.com/uc?export=download&id=1NRWD3KLVXXabDnrxvEl3k50E9JpjDulD	https://concourscameroon.com/anciennes-epreuves-de-mathematique-du-2.html
Mathématique ENSP 2009.pdf	https://drive.google.com/uc?export=download&id=1ZYAL7gNEIxZ6LiHhqHnyi-9pa8ZVHemD	https://concourscameroon.com/anciennes-epreuves-de-mathematique-du-2.html
Mathématique ENSP 2010.pdf	https://drive.google.com/uc?export=download&id=1E36e7VorymFdcoTJiJekxcw40SNUpSb6	https://concourscameroon.com/anciennes-epreuves-de-mathematique-du-2.html
Mathématique ENSP 2011.pdf	https://drive.google.com/uc?export=download&id=13JRHHdXEzhHrVEISuFOi_vj-fKDR-ymM	https://concourscameroon.com/anciennes-epreuves-de-mathematique-du-2.html
Mathématique ENSP 2012.pdf	https://drive.google.com/uc?export=download&id=1rIVjSmyp6qoEtPfM3h_Wv5kNTsaRoPA3	https://concourscameroon.com/anciennes-epreuves-de-mathematique-du-2.html
Mathématique ENSP 2013.pdf	https://drive.google.com/uc?export=download&id=1P3RdAqyNHGkInOfCZ5DhNwW5Fc6i7U7m	https://concourscameroon.com/anciennes-epreuves-de-mathematique-du-2.html
Mathématique ENSP 2014.pdf	https://drive.google.com/uc?export=download&id=1aE21nYLCK6hIQZmOjIhXY06zNPAX84Dk	https://concourscameroon.com/anciennes-epreuves-de-mathematique-du-2.html
Informatique ENSP 2006.pdf	https://drive.google.com/uc?export=download&id=1NgSOBFYzUWlBChLDM7EDKA-9WeSR1mo4	https://concourscameroon.com/anciennes-epreuves-de-informatique-du.html
