Biologie_FASA 2004.pdf	https://drive.google.com/uc?export=download&id=1kbiRH6Rlf-H739wDv7_E1eYUnmFfB8zK
Biologie_FASA 2005.pdf	https://drive.google.com/uc?export=download&id=112tWYAI0j9gwvAzDKRPA7ApSlMTruEXG
Biologie_FASA 2007.pdf	https://drive.google.com/uc?export=download&id=1D8YPkpKj_Au1MYoXwrPnhqM3Pxo2YpZA
Biologie_FASA 2008.pdf	https://drive.google.com/uc?export=download&id=1EU5vQKrjra1VDoLtGTsq4w8PsMMbK-Xx
Biologie_FASA 2009.pdf	https://drive.google.com/uc?export=download&id=14LVkc6zJA8CWwBuj3ASZ14nh3GNABwrw
Biologie_FASA 2010.pdf	https://drive.google.com/uc?export=download&id=1kA22TTzsxXWC5ttThHM7SBWcN_l-u7OQ
Biologie_FASA 2012.pdf	https://drive.google.com/uc?export=download&id=1LKkCCzr3XE3DyBelCKLOF2gS4Xaafq8p
Biologie_FASA 2013.pdf	https://drive.google.com/uc?export=download&id=1nir_hvxgQogY1uShcWuY4SXu0-_FYCEQ
Mathematique_FASA 2004.pdf	https://drive.google.com/uc?export=download&id=13ww9khOYaJ8fYleoH2X-DDBnr8lXk9Az
Mathematique_FASA 2005.pdf	https://drive.google.com/uc?export=download&id=1Z4HDoYoveJJPHgUGcalw8rGkUfwRLTe3
Mathematique_FASA 2008.pdf	https://drive.google.com/uc?export=download&id=1g11TWLwPcDcpn5rVEQ_UC8Kys8993MEC
Mathematique_FASA 2009.pdf	https://drive.google.com/uc?export=download&id=10x7gE3agBYog4-9d8WtSex2qf2Ubg2j6
Mathematique_FASA 2010.pdf	https://drive.google.com/uc?export=download&id=1mtTVJ519Ir1FwX6pk6w8O9Nyc1lmrKpL
Mathematique_FASA 2011.pdf	https://drive.google.com/uc?export=download&id=1ptDGKLXcGSI62g4X68Kj2rldfFy5-Gd0
Mathematique_FASA 2012.pdf	https://drive.google.com/uc?export=download&id=1BQkMny026FaE8lFuK0wKIx6fjpPJUadf
Mathematique_FASA 2014.pdf	https://drive.google.com/uc?export=download&id=1MhhmahUVeWohT_SKjUEQHbatXOTbFcX1
Chimie-Physique_FASA 2004.pdf	https://drive.google.com/uc?export=download&id=1Y2f7AbryQ1mNQ6CrcTE3jRA3BwviO2t5
Chimie-Physique_FASA 2005.pdf	https://drive.google.com/uc?export=download&id=1nRSvI54pEvey_gwjzWOyAQ8Oz6gaeQG-
Chimie-Physique_FASA 2007.pdf	https://drive.google.com/uc?export=download&id=1qpbsPG1DQqPg6ktwo4yxNRK_iOzi7c7D
Chimie-Physique_FASA 2008.pdf	https://drive.google.com/uc?export=download&id=1ZgYWDwGvaFcCQUOM5YaF888Eqj-e0Qdc
Chimie-Physique_FASA 2009.pdf	https://drive.google.com/uc?export=download&id=1oKNb0X_rAgt9ffWbtqiMn8hlxamTZOZC
Chimie-Physique_FASA 2010.pdf	https://drive.google.com/uc?export=download&id=1k7N1Ybk7SlBxd0vd1QdAlfbS-i0mbRJh
Chimie-Physique_FASA 2011.pdf	https://drive.google.com/uc?export=download&id=1E2FLKnqprLJLfGXayL2vCHjLzYeqb1qJ
Chimie-Physique_FASA 2012.pdf	https://drive.google.com/uc?export=download&id=1NcpSdi81PD_k70YfmRidBbfCWeAU39Cu
Chimie-Physique_FASA 2013.pdf	https://drive.google.com/uc?export=download&id=1tmeBXXvrgn9kCDkG5syNjkI5Zyd2V6tT
Chimie-Physique_FASA 2004.pdf	https://drive.google.com/uc?export=download&id=1Y2f7AbryQ1mNQ6CrcTE3jRA3BwviO2t5
Chimie-Physique_FASA 2005.pdf	https://drive.google.com/uc?export=download&id=1nRSvI54pEvey_gwjzWOyAQ8Oz6gaeQG-
Chimie-Physique_FASA 2007.pdf	https://drive.google.com/uc?export=download&id=1qpbsPG1DQqPg6ktwo4yxNRK_iOzi7c7D
Chimie-Physique_FASA 2008.pdf	https://drive.google.com/uc?export=download&id=1ZgYWDwGvaFcCQUOM5YaF888Eqj-e0Qdc
Chimie-Physique_FASA 2009.pdf	https://drive.google.com/uc?export=download&id=1oKNb0X_rAgt9ffWbtqiMn8hlxamTZOZC
Chimie-Physique_FASA 2010.pdf	https://drive.google.com/uc?export=download&id=1k7N1Ybk7SlBxd0vd1QdAlfbS-i0mbRJh
Chimie-Physique_FASA 2011.pdf	https://drive.google.com/uc?export=download&id=1E2FLKnqprLJLfGXayL2vCHjLzYeqb1qJ
Chimie-Physique_FASA 2012.pdf	https://drive.google.com/uc?export=download&id=1NcpSdi81PD_k70YfmRidBbfCWeAU39Cu
Chimie-Physique_FASA 2013.pdf	https://drive.google.com/uc?export=download&id=1tmeBXXvrgn9kCDkG5syNjkI5Zyd2V6tT
